title,flag_file
c_abarun,c_abarun.tga
c_abreon,c_abreon.tga
c_achelar,c_achelar.tga
c_adamas_tooth,c_adamas_tooth.tga
c_adbarrim,c_adbarrim.tga
c_addak,c_addak.tga
c_adder_swamp,c_adder_swamp.tga
c_adder_woods,c_adder_woods.tga
c_adderspring,c_adderspring.tga
c_adhal,c_adhal.tga
c_adrila,c_adrila.tga
c_aerilpar_forest,c_aerilpar_forest.tga
c_ahlarkhem,c_ahlarkhem.tga
c_ahma,c_ahma.tga
c_ahruukar,c_ahruukar.tga
c_ahtitlak,c_ahtitlak.tga
c_aib,c_aib.tga
c_aina,c_aina.tga
c_airspur,c_airspur.tga
c_ajayib,c_ajayib.tga
c_ajmer_forest,c_ajmer_forest.tga
c_akaam,c_akaam.tga
c_akanax,c_akanax.tga
c_akararbasa,c_akararbasa.tga
c_akashay,c_akashay.tga
c_akshu,c_akshu.tga
c_al_abib,c_al_abib.tga
c_al_anwahr,c_al_anwahr.tga
c_al_asirr,c_al_asirr.tga
c_al_azra,c_al_azra.tga
c_al_faddi,c_al_faddi.tga
c_al_faraq_islands,c_al_faraq_islands.tga
c_al_hanieh,c_al_hanieh.tga
c_al_harir,c_al_harir.tga
c_al_harmah,c_al_harmah.tga
c_al_haul,c_al_haul.tga
c_al_kidr,c_al_kidr.tga
c_al_kurtum,c_al_kurtum.tga
c_al_mahabanah,c_al_mahabanah.tga
c_al_malih,c_al_malih.tga
c_al_munamma,c_al_munamma.tga
c_al_nuziyyah,c_al_nuziyyah.tga
c_al_qahera,c_al_qahera.tga
c_al_sarif,c_al_sarif.tga
c_al_tarik_islands,c_al_tarik_islands.tga
c_al_wahl,c_al_wahl.tga
c_al_zabdiyat,c_al_zabdiyat.tga
c_alaghon,c_alaghon.tga
c_alamaqu,c_alamaqu.tga
c_alamirs_end,c_alamirs_end.tga
c_alamontyr,c_alamontyr.tga
c_alaoreum,c_alaoreum.tga
c_alashan,c_alashan.tga
c_aldani_basin,c_aldani_basin.tga
c_aldoman,c_aldoman.tga
c_aldreth,c_aldreth.tga
c_alisiwhann,c_alisiwhann.tga
c_almawt,c_almawt.tga
c_almorel,c_almorel.tga
c_almraiven,c_almraiven.tga
c_alonmarch,c_alonmarch.tga
c_alorev,c_alorev.tga
c_alphar_and_kelthan,c_alphar_and_kelthan.tga
c_aluar,c_aluar.tga
c_aluivyn,c_aluivyn.tga
c_aman,c_aman.tga
c_amarrev,c_amarrev.tga
c_amassa,c_amassa.tga
c_amazandar,c_amazandar.tga
c_amekufa,c_amekufa.tga
c_amkethran,c_amkethran.tga
c_ammathluir,c_ammathluir.tga
c_ammathtar,c_ammathtar.tga
c_amnwater,c_amnwater.tga
c_amphail,c_amphail.tga
c_amral,c_amral.tga
c_amruthar,c_amruthar.tga
c_amry,c_amry.tga
c_amstelar,c_amstelar.tga
c_amtar_eave,c_amtar_eave.tga
c_anarath,c_anarath.tga
c_anauril,c_anauril.tga
c_ancients_hollow,c_ancients_hollow.tga
c_angast,c_angast.tga
c_angol,c_angol.tga
c_anhaurz,c_anhaurz.tga
c_ankatatra,c_ankatatra.tga
c_ankhapur,c_ankhapur.tga
c_ankhur,c_ankhur.tga
c_ankhwood,c_ankhwood.tga
c_anklis_and_qusur,c_anklis_and_qusur.tga
c_anktarina,c_anktarina.tga
c_ansi,c_ansi.tga
c_ar_rasumah,c_ar_rasumah.tga
c_araash,c_araash.tga
c_arabalar,c_arabalar.tga
c_arabel,c_arabel.tga
c_aradiman,c_aradiman.tga
c_arael_hills,c_arael_hills.tga
c_araksa,c_araksa.tga
c_araneh,c_araneh.tga
c_arangyn,c_arangyn.tga
c_arashand,c_arashand.tga
c_araugul,c_araugul.tga
c_arcata,c_arcata.tga
c_arch_wood,c_arch_wood.tga
c_archenbridge,c_archenbridge.tga
c_archtassel,c_archtassel.tga
c_ardeep_forest,c_ardeep_forest.tga
c_ardeepsward,c_ardeepsward.tga
c_ardhi_kavu,c_ardhi_kavu.tga
c_aretax_bay,c_aretax_bay.tga
c_argaervale,c_argaervale.tga
c_argenmoor,c_argenmoor.tga
c_argul,c_argul.tga
c_arjol,c_arjol.tga
c_armridge,c_armridge.tga
c_arn_forest,c_arn_forest.tga
c_arnrock,c_arnrock.tga
c_arrabar,c_arrabar.tga
c_arran,c_arran.tga
c_arthyn,c_arthyn.tga
c_arylon,c_arylon.tga
c_asbravn,c_asbravn.tga
c_ascalhorn,c_ascalhorn.tga
c_ascore,c_ascore.tga
c_ashabenford,c_ashabenford.tga
c_ashanvast,c_ashanvast.tga
c_ashenwood,c_ashenwood.tga
c_asher_plain,c_asher_plain.tga
c_ashfields,c_ashfields.tga
c_aspervi,c_aspervi.tga
c_assam,c_assam.tga
c_assundath,c_assundath.tga
c_atai,c_atai.tga
c_atars_looking_glass,c_atars_looking_glass.tga
c_athab_cape,c_athab_cape.tga
c_athkatla,c_athkatla.tga
c_atoratgins,c_atoratgins.tga
c_aurils_end,c_aurils_end.tga
c_aurora,c_aurora.tga
c_aval,c_aval.tga
c_avax,c_avax.tga
c_avyn,c_avyn.tga
c_axard,c_axard.tga
c_azhul_pass,c_azhul_pass.tga
c_aznawood,c_aznawood.tga
c_aztul,c_aztul.tga
c_azun,c_azun.tga
c_azuni,c_azuni.tga
c_bab_al_gaba,c_bab_al_gaba.tga
c_babado,c_babado.tga
c_baelrah,c_baelrah.tga
c_bahat,c_bahat.tga
c_bakhuk,c_bakhuk.tga
c_balaj,c_balaj.tga
c_baldurs_gate,c_baldurs_gate.tga
c_bamas,c_bamas.tga
c_banai,c_banai.tga
c_banda,c_banda.tga
c_banlm,c_banlm.tga
c_banu,c_banu.tga
c_bara,c_bara.tga
c_barbarians_road,c_barbarians_road.tga
c_bardshyr,c_bardshyr.tga
c_bariya,c_bariya.tga
c_barrowfield,c_barrowfield.tga
c_barze,c_barze.tga
c_bathme,c_bathme.tga
c_batiriland,c_batiriland.tga
c_battle_of_bones,c_battle_of_bones.tga
c_bauthwaf,c_bauthwaf.tga
c_beacon_cairn,c_beacon_cairn.tga
c_beacon_rocks,c_beacon_rocks.tga
c_beast_country,c_beast_country.tga
c_beast_lands,c_beast_lands.tga
c_beast_marches,c_beast_marches.tga
c_beastburn,c_beastburn.tga
c_beasts_coast,c_beasts_coast.tga
c_beland,c_beland.tga
c_beldenshyn,c_beldenshyn.tga
c_belhancol,c_belhancol.tga
c_beliard,c_beliard.tga
c_belintholme,c_belintholme.tga
c_bellakh,c_bellakh.tga
c_belprins_hold,c_belprins_hold.tga
c_beluir,c_beluir.tga
c_bender_adewah,c_bender_adewah.tga
c_bender_berdh,c_bender_berdh.tga
c_beowood,c_beowood.tga
c_berdusk,c_berdusk.tga
c_beregost,c_beregost.tga
c_bezantur,c_bezantur.tga
c_bezentil,c_bezentil.tga
c_bhaerlith,c_bhaerlith.tga
c_bhaluin,c_bhaluin.tga
c_bhaulaea,c_bhaulaea.tga
c_bidnop_so,c_bidnop_so.tga
c_bildoobaris,c_bildoobaris.tga
c_binatang,c_binatang.tga
c_bisatare,c_bisatare.tga
c_bisoturi,c_bisoturi.tga
c_bitter_well,c_bitter_well.tga
c_bjeoerns_pass,c_bjeoerns_pass.tga
c_black_ash_plain,c_black_ash_plain.tga
c_blackfeather_bridge,c_blackfeather_bridge.tga
c_blackford,c_blackford.tga
c_blackhold,c_blackhold.tga
c_blackvale,c_blackvale.tga
c_bladed_coast,c_bladed_coast.tga
c_bloodhawk_hold,c_bloodhawk_hold.tga
c_bloodlake,c_bloodlake.tga
c_bloodstone,c_bloodstone.tga
c_blumantle_pass,c_blumantle_pass.tga
c_boareskyr_bridge,c_boareskyr_bridge.tga
c_boorva,c_boorva.tga
c_borich,c_borich.tga
c_bottomless_bog,c_bottomless_bog.tga
c_bowshot,c_bowshot.tga
c_braleuz,c_braleuz.tga
c_brandiar,c_brandiar.tga
c_bregenduth,c_bregenduth.tga
c_bregonshire,c_bregonshire.tga
c_brightfields,c_brightfields.tga
c_brittlebone_coast,c_brittlebone_coast.tga
c_broadfields,c_broadfields.tga
c_broaspu,c_broaspu.tga
c_broken_swords,c_broken_swords.tga
c_broken_wall_pass,c_broken_wall_pass.tga
c_broken_well,c_broken_well.tga
c_bronze_falcon,c_bronze_falcon.tga
c_bronzehelms,c_bronzehelms.tga
c_brost,c_brost.tga
c_brynwood,c_brynwood.tga
c_budais_cleft,c_budais_cleft.tga
c_bukhouk,c_bukhouk.tga
c_bukitega,c_bukitega.tga
c_bulaantaro,c_bulaantaro.tga
c_bulangalant,c_bulangalant.tga
c_buldamar,c_buldamar.tga
c_bulobo,c_bulobo.tga
c_bunsha,c_bunsha.tga
c_bunshin,c_bunshin.tga
c_burich,c_burich.tga
c_burj,c_burj.tga
c_burning_shore,c_burning_shore.tga
c_bynua,c_bynua.tga
c_caer_moray,c_caer_moray.tga
c_calaunt,c_calaunt.tga
c_calim_desert,c_calim_desert.tga
c_calim_river,c_calim_river.tga
c_calimban,c_calimban.tga
c_calimmon,c_calimmon.tga
c_calimport,c_calimport.tga
c_calimstone,c_calimstone.tga
c_callidyrr,c_callidyrr.tga
c_calling_horns,c_calling_horns.tga
c_cambro,c_cambro.tga
c_candlekeep,c_candlekeep.tga
c_caraguir,c_caraguir.tga
c_carmathan,c_carmathan.tga
c_carrelath,c_carrelath.tga
c_carwyth,c_carwyth.tga
c_cathyr,c_cathyr.tga
c_cedarvale,c_cedarvale.tga
c_cennuroth,c_cennuroth.tga
c_centaur_run,c_centaur_run.tga
c_chaikou_hills,c_chaikou_hills.tga
c_chain_of_broken_dreams,c_chain_of_broken_dreams.tga
c_chama,c_chama.tga
c_chan,c_chan.tga
c_chan_liu_shui,c_chan_liu_shui.tga
c_chandlerscross,c_chandlerscross.tga
c_changdao,c_changdao.tga
c_channath_rise,c_channath_rise.tga
c_channathgate,c_channathgate.tga
c_channathwood,c_channathwood.tga
c_chao_yang,c_chao_yang.tga
c_ched_nasad,c_ched_nasad.tga
c_chegoyui,c_chegoyui.tga
c_chelimber,c_chelimber.tga
c_chiem,c_chiem.tga
c_chilled_plain,c_chilled_plain.tga
c_chionthar,c_chionthar.tga
c_cholta,c_cholta.tga
c_chowok,c_chowok.tga
c_chulacca,c_chulacca.tga
c_chulq,c_chulq.tga
c_cimarine_isles,c_cimarine_isles.tga
c_cimbar,c_cimbar.tga
c_cinnabar,c_cinnabar.tga
c_citadel_adbar,c_citadel_adbar.tga
c_citadel_of_the_raven,c_citadel_of_the_raven.tga
c_citadel_rashemar,c_citadel_rashemar.tga
c_clearflow_vale,c_clearflow_vale.tga
c_cloak_bay,c_cloak_bay.tga
c_cloakwood,c_cloakwood.tga
c_cloven_hills,c_cloven_hills.tga
c_clovis_fields,c_clovis_fields.tga
c_coast_way,c_coast_way.tga
c_codsbay,c_codsbay.tga
c_coilvines,c_coilvines.tga
c_cold_field,c_cold_field.tga
c_cold_vale,c_cold_vale.tga
c_coldcrag,c_coldcrag.tga
c_coldlight_cliffs,c_coldlight_cliffs.tga
c_coldwood,c_coldwood.tga
c_colletro,c_colletro.tga
c_conaluil,c_conaluil.tga
c_conaluil_range,c_conaluil_range.tga
c_cony_gap,c_cony_gap.tga
c_conyberry,c_conyberry.tga
c_corellons_grove,c_corellons_grove.tga
c_corm_orp,c_corm_orp.tga
c_cormanda,c_cormanda.tga
c_cortrynn,c_cortrynn.tga
c_corwell,c_corwell.tga
c_couatl_wilds,c_couatl_wilds.tga
c_couatls_landing,c_couatls_landing.tga
c_council_hills,c_council_hills.tga
c_crab_reach,c_crab_reach.tga
c_cragmaw,c_cragmaw.tga
c_crimmor,c_crimmor.tga
c_culmaster,c_culmaster.tga
c_curstallyon,c_curstallyon.tga
c_dabab,c_dabab.tga
c_daerlun,c_daerlun.tga
c_daerr,c_daerr.tga
c_dagger_falls,c_dagger_falls.tga
c_daggerdale,c_daggerdale.tga
c_daggerford,c_daggerford.tga
c_dahab_island,c_dahab_island.tga
c_dakan,c_dakan.tga
c_dalath,c_dalath.tga
c_daltonsvale,c_daltonsvale.tga
c_dalvind,c_dalvind.tga
c_damu,c_damu.tga
c_dancing_dolphins,c_dancing_dolphins.tga
c_daong_forest,c_daong_forest.tga
c_dapplegate,c_dapplegate.tga
c_darabjind,c_darabjind.tga
c_darakh,c_darakh.tga
c_dareth,c_dareth.tga
c_dark_arrow,c_dark_arrow.tga
c_darkhold,c_darkhold.tga
c_darkturret,c_darkturret.tga
c_darkwoods,c_darkwoods.tga
c_darmesh,c_darmesh.tga
c_darmshall,c_darmshall.tga
c_darrawn,c_darrawn.tga
c_darromar,c_darromar.tga
c_dashadjen,c_dashadjen.tga
c_daunting,c_daunting.tga
c_dawihi_island,c_dawihi_island.tga
c_dawn_pass,c_dawn_pass.tga
c_dawngleam,c_dawngleam.tga
c_daynk,c_daynk.tga
c_dead_orc_pass,c_dead_orc_pass.tga
c_deadstars,c_deadstars.tga
c_deep_imaskar,c_deep_imaskar.tga
c_dekanter,c_dekanter.tga
c_dekar,c_dekar.tga
c_delbyl,c_delbyl.tga
c_delliun,c_delliun.tga
c_delphin,c_delphin.tga
c_delrune,c_delrune.tga
c_delselar,c_delselar.tga
c_deltar,c_deltar.tga
c_delthuntle,c_delthuntle.tga
c_delzimmer,c_delzimmer.tga
c_denderdale,c_denderdale.tga
c_denzar,c_denzar.tga
c_deraala,c_deraala.tga
c_deraiairgak,c_deraiairgak.tga
c_derlusk,c_derlusk.tga
c_dernall,c_dernall.tga
c_des,c_des.tga
c_despond,c_despond.tga
c_detar_land,c_detar_land.tga
c_dharvil,c_dharvil.tga
c_dhaztanar,c_dhaztanar.tga
c_dihliz,c_dihliz.tga
c_dilpur,c_dilpur.tga
c_dimee_moor,c_dimee_moor.tga
c_dirs,c_dirs.tga
c_djerad_harngha,c_djerad_harngha.tga
c_dlusk,c_dlusk.tga
c_dmir,c_dmir.tga
c_doegenflow,c_doegenflow.tga
c_doegwood,c_doegwood.tga
c_dolblunde,c_dolblunde.tga
c_dolsel_gap,c_dolsel_gap.tga
c_dragonbones,c_dragonbones.tga
c_dragongrounds,c_dragongrounds.tga
c_dragonisle,c_dragonisle.tga
c_dragonspear,c_dragonspear.tga
c_dralpur,c_dralpur.tga
c_draya,c_draya.tga
c_drelagara,c_drelagara.tga
c_drik_hargunen,c_drik_hargunen.tga
c_druarwood,c_druarwood.tga
c_drubiev,c_drubiev.tga
c_dubegat,c_dubegat.tga
c_duirtanal,c_duirtanal.tga
c_dun_hills,c_dun_hills.tga
c_dun_orthass,c_dun_orthass.tga
c_dun_tharos,c_dun_tharos.tga
c_dunod,c_dunod.tga
c_dunspeirrin,c_dunspeirrin.tga
c_dunwood,c_dunwood.tga
c_durgach,c_durgach.tga
c_durlags_tower,c_durlags_tower.tga
c_dusklan,c_dusklan.tga
c_dust_road,c_dust_road.tga
c_dustwall,c_dustwall.tga
c_dustwaves,c_dustwaves.tga
c_dwarven_valley,c_dwarven_valley.tga
c_dynnegall,c_dynnegall.tga
c_dzoulins_cradle,c_dzoulins_cradle.tga
c_eagle_hills,c_eagle_hills.tga
c_eartheart,c_eartheart.tga
c_earthfast,c_earthfast.tga
c_earthwood,c_earthwood.tga
c_east_keep,c_east_keep.tga
c_east_lluirwood,c_east_lluirwood.tga
c_east_methwood,c_east_methwood.tga
c_east_rendai,c_east_rendai.tga
c_east_soravia,c_east_soravia.tga
c_east_tejarn,c_east_tejarn.tga
c_eastgulth,c_eastgulth.tga
c_easting,c_easting.tga
c_eastwood,c_eastwood.tga
c_eayan_aljunun,c_eayan_aljunun.tga
c_ebenfar,c_ebenfar.tga
c_edenvale,c_edenvale.tga
c_edouura,c_edouura.tga
c_eghagu,c_eghagu.tga
c_ejen_horo,c_ejen_horo.tga
c_ekwong,c_ekwong.tga
c_elbencort,c_elbencort.tga
c_elbulder,c_elbulder.tga
c_elchulmarch,c_elchulmarch.tga
c_eldaths_water,c_eldaths_water.tga
c_eldergroves,c_eldergroves.tga
c_eldrinfar,c_eldrinfar.tga
c_elemetar,c_elemetar.tga
c_elghal,c_elghal.tga
c_elion,c_elion.tga
c_elmwood,c_elmwood.tga
c_elne,c_elne.tga
c_eltabbar,c_eltabbar.tga
c_elturel,c_elturel.tga
c_elven_court,c_elven_court.tga
c_elven_port,c_elven_port.tga
c_elventree,c_elventree.tga
c_elversult,c_elversult.tga
c_elveswatch,c_elveswatch.tga
c_emmech,c_emmech.tga
c_end_of_light,c_end_of_light.tga
c_endar_aglandtor,c_endar_aglandtor.tga
c_endless_blizzard,c_endless_blizzard.tga
c_enlightened_ring,c_enlightened_ring.tga
c_envarl,c_envarl.tga
c_erebos,c_erebos.tga
c_erech_forest,c_erech_forest.tga
c_errusk,c_errusk.tga
c_erum,c_erum.tga
c_eryndlyn,c_eryndlyn.tga
c_esbresh,c_esbresh.tga
c_escalant,c_escalant.tga
c_eshpurta,c_eshpurta.tga
c_eskat,c_eskat.tga
c_esmeltaran,c_esmeltaran.tga
c_essembra,c_essembra.tga
c_estan,c_estan.tga
c_ethvale,c_ethvale.tga
c_eveningstar,c_eveningstar.tga
c_evereska,c_evereska.tga
c_everlund,c_everlund.tga
c_evermelt,c_evermelt.tga
c_everwide,c_everwide.tga
c_eyegad,c_eyegad.tga
c_faeressar,c_faeressar.tga
c_fahhas,c_fahhas.tga
c_fairheight,c_fairheight.tga
c_fallen_giant_rift,c_fallen_giant_rift.tga
c_fallen_lands,c_fallen_lands.tga
c_fallow_steppe,c_fallow_steppe.tga
c_falls_of_erech,c_falls_of_erech.tga
c_fanedown,c_fanedown.tga
c_fangmoor,c_fangmoor.tga
c_fanus,c_fanus.tga
c_far_forest,c_far_forest.tga
c_far_nemoree,c_far_nemoree.tga
c_far_ulhai,c_far_ulhai.tga
c_farhaven,c_farhaven.tga
c_farsea_marsh,c_farsea_marsh.tga
c_farshore,c_farshore.tga
c_fasriul,c_fasriul.tga
c_fatuta_chuba,c_fatuta_chuba.tga
c_feifeng,c_feifeng.tga
c_felbarr,c_felbarr.tga
c_fell_pass,c_fell_pass.tga
c_fendarls_gate,c_fendarls_gate.tga
c_fergana,c_fergana.tga
c_fertile_moon,c_fertile_moon.tga
c_fida,c_fida.tga
c_fields_of_ganath,c_fields_of_ganath.tga
c_fields_of_kesk,c_fields_of_kesk.tga
c_fields_of_nun,c_fields_of_nun.tga
c_fields_of_pryollus,c_fields_of_pryollus.tga
c_fields_of_rime,c_fields_of_rime.tga
c_fields_of_salt,c_fields_of_salt.tga
c_fiends_wing,c_fiends_wing.tga
c_finger_pass,c_finger_pass.tga
c_fire_river,c_fire_river.tga
c_firealm,c_firealm.tga
c_firedrake,c_firedrake.tga
c_fireforges,c_fireforges.tga
c_firepeaks,c_firepeaks.tga
c_fireshear,c_fireshear.tga
c_firesteap_hills,c_firesteap_hills.tga
c_firesteap_woods,c_firesteap_woods.tga
c_firetrees,c_firetrees.tga
c_firewine,c_firewine.tga
c_flamsterd,c_flamsterd.tga
c_flatshield,c_flatshield.tga
c_flint_rock,c_flint_rock.tga
c_flowery_well,c_flowery_well.tga
c_flyndagol,c_flyndagol.tga
c_forest_of_wyrms,c_forest_of_wyrms.tga
c_forests_edge,c_forests_edge.tga
c_forgefires,c_forgefires.tga
c_forgotten_forest,c_forgotten_forest.tga
c_forharn,c_forharn.tga
c_forlorn_hills,c_forlorn_hills.tga
c_fornaluit_plain,c_fornaluit_plain.tga
c_forol,c_forol.tga
c_free_heights,c_free_heights.tga
c_freedale,c_freedale.tga
c_frostfenn,c_frostfenn.tga
c_frozen_flindyke,c_frozen_flindyke.tga
c_frozen_forest,c_frozen_forest.tga
c_fuirgar,c_fuirgar.tga
c_fujegat,c_fujegat.tga
c_fukiow,c_fukiow.tga
c_fussellshade,c_fussellshade.tga
c_fustat,c_fustat.tga
c_fyraven,c_fyraven.tga
c_gaethluntar,c_gaethluntar.tga
c_galena_snake,c_galena_snake.tga
c_galenarr,c_galenarr.tga
c_gallads_garden,c_gallads_garden.tga
c_galuka,c_galuka.tga
c_gamruhan,c_gamruhan.tga
c_gana,c_gana.tga
c_ganathwood,c_ganathwood.tga
c_gate_of_heaven,c_gate_of_heaven.tga
c_gauros,c_gauros.tga
c_geman,c_geman.tga
c_generals_stand,c_generals_stand.tga
c_genies_garden,c_genies_garden.tga
c_genval,c_genval.tga
c_ghaastwood,c_ghaastwood.tga
c_ghajar,c_ghajar.tga
c_ghalagar,c_ghalagar.tga
c_gheldaneth,c_gheldaneth.tga
c_ghost_leopard,c_ghost_leopard.tga
c_giant_gap,c_giant_gap.tga
c_giants_run,c_giants_run.tga
c_gildenglade,c_gildenglade.tga
c_gimise,c_gimise.tga
c_giniracha,c_giniracha.tga
c_giteyosha,c_giteyosha.tga
c_glacier_of_the_white_worm,c_glacier_of_the_white_worm.tga
c_glakis,c_glakis.tga
c_glarn,c_glarn.tga
c_glaurachyndaar,c_glaurachyndaar.tga
c_glaurflow,c_glaurflow.tga
c_glister,c_glister.tga
c_glitterdelve,c_glitterdelve.tga
c_gnarhelm,c_gnarhelm.tga
c_gnollhomes,c_gnollhomes.tga
c_goblin_marches,c_goblin_marches.tga
c_golden_crossing,c_golden_crossing.tga
c_golden_falcon,c_golden_falcon.tga
c_golden_fields,c_golden_fields.tga
c_golden_road,c_golden_road.tga
c_golden_shore,c_golden_shore.tga
c_goldenfields,c_goldenfields.tga
c_gomwenk,c_gomwenk.tga
c_gondistho,c_gondistho.tga
c_gontal,c_gontal.tga
c_gontal_pass,c_gontal_pass.tga
c_gracklstugh,c_gracklstugh.tga
c_granuin_forest,c_granuin_forest.tga
c_graskynar,c_graskynar.tga
c_graulthanc,c_graulthanc.tga
c_graxan_forest,c_graxan_forest.tga
c_great_sands,c_great_sands.tga
c_great_traders_way,c_great_traders_way.tga
c_green_fields,c_green_fields.tga
c_green_shadows,c_green_shadows.tga
c_greenest,c_greenest.tga
c_greenshores,c_greenshores.tga
c_greentree,c_greentree.tga
c_grendel,c_grendel.tga
c_grey_wood,c_grey_wood.tga
c_greycloak_hills,c_greycloak_hills.tga
c_grimroost,c_grimroost.tga
c_grondsgrunn,c_grondsgrunn.tga
c_grunwald,c_grunwald.tga
c_guihar,c_guihar.tga
c_guilmarl,c_guilmarl.tga
c_gukh,c_gukh.tga
c_gullrocks,c_gullrocks.tga
c_gundar_forest,c_gundar_forest.tga
c_gundarlun,c_gundarlun.tga
c_gurvandene,c_gurvandene.tga
c_guth,c_guth.tga
c_haatar_baen,c_haatar_baen.tga
c_haelwood,c_haelwood.tga
c_hafaya,c_hafaya.tga
c_hahami,c_hahami.tga
c_hai_jungle,c_hai_jungle.tga
c_hakim,c_hakim.tga
c_halagard,c_halagard.tga
c_halangorn,c_halangorn.tga
c_halar_hills,c_halar_hills.tga
c_halarahh,c_halarahh.tga
c_halaze,c_halaze.tga
c_halruaan_heights,c_halruaan_heights.tga
c_halu,c_halu.tga
c_halwa,c_halwa.tga
c_hame,c_hame.tga
c_hamid,c_hamid.tga
c_hamlar_hills,c_hamlar_hills.tga
c_hammer_hall,c_hammer_hall.tga
c_hand_of_the_sky,c_hand_of_the_sky.tga
c_hanya_maut,c_hanya_maut.tga
c_hap,c_hap.tga
c_haqar,c_haqar.tga
c_harb,c_harb.tga
c_hardang,c_hardang.tga
c_hardcastle,c_hardcastle.tga
c_harglast,c_harglast.tga
c_hargleth_forest,c_hargleth_forest.tga
c_harheldur,c_harheldur.tga
c_harlending,c_harlending.tga
c_harngel,c_harngel.tga
c_harrowdale,c_harrowdale.tga
c_hartsvale,c_hartsvale.tga
c_hasira,c_hasira.tga
c_hatgiainli,c_hatgiainli.tga
c_havraquoar,c_havraquoar.tga
c_hawa,c_hawa.tga
c_hawksroost,c_hawksroost.tga
c_haxkhun,c_haxkhun.tga
c_hayyir,c_hayyir.tga
c_hazamarch,c_hazamarch.tga
c_hazuth,c_hazuth.tga
c_heartblood,c_heartblood.tga
c_heartwood,c_heartwood.tga
c_heldar,c_heldar.tga
c_helenas_wood,c_helenas_wood.tga
c_heliogabalus,c_heliogabalus.tga
c_helm_rift,c_helm_rift.tga
c_helms_hold,c_helms_hold.tga
c_hengfena,c_hengfena.tga
c_heptios,c_heptios.tga
c_herath,c_herath.tga
c_herders_crook,c_herders_crook.tga
c_hernes_wood,c_hernes_wood.tga
c_heroes_height,c_heroes_height.tga
c_hethar,c_hethar.tga
c_hidden_hopes,c_hidden_hopes.tga
c_hidden_vale,c_hidden_vale.tga
c_high_gap,c_high_gap.tga
c_high_horn,c_high_horn.tga
c_high_moors,c_high_moors.tga
c_high_valley,c_high_valley.tga
c_highcastle,c_highcastle.tga
c_highcountry,c_highcountry.tga
c_highmoon,c_highmoon.tga
c_highplume_station,c_highplume_station.tga
c_highstars,c_highstars.tga
c_hills_edge,c_hills_edge.tga
c_hills_of_scent,c_hills_of_scent.tga
c_hills_of_the_dead_kings,c_hills_of_the_dead_kings.tga
c_hillsfar,c_hillsfar.tga
c_hilm,c_hilm.tga
c_hisari,c_hisari.tga
c_hitan_island,c_hitan_island.tga
c_hiyal,c_hiyal.tga
c_hlammach,c_hlammach.tga
c_hlath,c_hlath.tga
c_hlaungadath,c_hlaungadath.tga
c_hlintar,c_hlintar.tga
c_hlondeth,c_hlondeth.tga
c_hluthvar,c_hluthvar.tga
c_hoarbridge,c_hoarbridge.tga
c_holdensword,c_holdensword.tga
c_hollow_mountain,c_hollow_mountain.tga
c_horaholm,c_horaholm.tga
c_horizons,c_horizons.tga
c_horn_of_afyal,c_horn_of_afyal.tga
c_horseshoe_oasis,c_horseshoe_oasis.tga
c_hosttower_of_the_arcane,c_hosttower_of_the_arcane.tga
c_howling_gap,c_howling_gap.tga
c_hrakhamar,c_hrakhamar.tga
c_huai,c_huai.tga
c_hudariyah,c_hudariyah.tga
c_huddagh,c_huddagh.tga
c_hudid,c_hudid.tga
c_hulan,c_hulan.tga
c_hulburg,c_hulburg.tga
c_hullack_forest,c_hullack_forest.tga
c_hulm,c_hulm.tga
c_hundelstone,c_hundelstone.tga
c_hundred_spears,c_hundred_spears.tga
c_huplik,c_huplik.tga
c_huzuz,c_huzuz.tga
c_hykopgrok,c_hykopgrok.tga
c_ibelgrak,c_ibelgrak.tga
c_ibreb,c_ibreb.tga
c_icelace,c_icelace.tga
c_iceroot_forest,c_iceroot_forest.tga
c_icespire_peak,c_icespire_peak.tga
c_icetail,c_icetail.tga
c_icewind_coast,c_icewind_coast.tga
c_igenghack,c_igenghack.tga
c_iirgar,c_iirgar.tga
c_ikemmu,c_ikemmu.tga
c_ilighon,c_ilighon.tga
c_ilimar,c_ilimar.tga
c_ilinvur,c_ilinvur.tga
c_iliphanar,c_iliphanar.tga
c_ilipur,c_ilipur.tga
c_iljak,c_iljak.tga
c_illuks,c_illuks.tga
c_illuskwood,c_illuskwood.tga
c_ilmwatch,c_ilmwatch.tga
c_iltkazar,c_iltkazar.tga
c_imajuvisik,c_imajuvisik.tga
c_imdolphyn,c_imdolphyn.tga
c_immerflow,c_immerflow.tga
c_immilmar,c_immilmar.tga
c_imnescar,c_imnescar.tga
c_impresk,c_impresk.tga
c_imroley,c_imroley.tga
c_ingdals_arm,c_ingdals_arm.tga
c_ingmur,c_ingmur.tga
c_inkelvale,c_inkelvale.tga
c_inkrath,c_inkrath.tga
c_innarlith,c_innarlith.tga
c_inner_ama,c_inner_ama.tga
c_intibah,c_intibah.tga
c_inupras,c_inupras.tga
c_ioma,c_ioma.tga
c_irestone,c_irestone.tga
c_iriaebor,c_iriaebor.tga
c_iris_spring,c_iris_spring.tga
c_iritasker,c_iritasker.tga
c_iron_keep,c_iron_keep.tga
c_ironfang_deep,c_ironfang_deep.tga
c_ironfang_keep,c_ironfang_keep.tga
c_ironmaster,c_ironmaster.tga
c_ironspur,c_ironspur.tga
c_irphong,c_irphong.tga
c_isfasan,c_isfasan.tga
c_ishamar_isles,c_ishamar_isles.tga
c_ishau,c_ishau.tga
c_iskashyoll,c_iskashyoll.tga
c_isle_of_prespur,c_isle_of_prespur.tga
c_isle_of_quelthiir,c_isle_of_quelthiir.tga
c_ithal_pass,c_ithal_pass.tga
c_ithan,c_ithan.tga
c_ithmong,c_ithmong.tga
c_ithmonn,c_ithmonn.tga
c_itiraf,c_itiraf.tga
c_ixinos,c_ixinos.tga
c_iyrandrar,c_iyrandrar.tga
c_jaasa,c_jaasa.tga
c_jab,c_jab.tga
c_jabal_sarahin,c_jabal_sarahin.tga
c_jade_gate,c_jade_gate.tga
c_jade_hills,c_jade_hills.tga
c_jahaka_bay,c_jahaka_bay.tga
c_jajam,c_jajam.tga
c_jakadiri,c_jakadiri.tga
c_jalanthar,c_jalanthar.tga
c_jamal,c_jamal.tga
c_jaria,c_jaria.tga
c_jarir,c_jarir.tga
c_jasan_pass,c_jasan_pass.tga
c_jazayir_al_alfar,c_jazayir_al_alfar.tga
c_jelnesh,c_jelnesh.tga
c_jelvak,c_jelvak.tga
c_jelvym,c_jelvym.tga
c_jeradin,c_jeradin.tga
c_jeranjah,c_jeranjah.tga
c_jezarh_jadew,c_jezarh_jadew.tga
c_jezarh_mah_alewd,c_jezarh_mah_alewd.tga
c_jezarh_mar,c_jezarh_mar.tga
c_jezarh_restakhaz,c_jezarh_restakhaz.tga
c_jezarh_shemshar,c_jezarh_shemshar.tga
c_jhalhoran,c_jhalhoran.tga
c_jhalolokati,c_jhalolokati.tga
c_jibal_al_taif,c_jibal_al_taif.tga
c_jinutt,c_jinutt.tga
c_jorhat_shan,c_jorhat_shan.tga
c_joums,c_joums.tga
c_joya,c_joya.tga
c_jugicha,c_jugicha.tga
c_julkoun,c_julkoun.tga
c_jumlat,c_jumlat.tga
c_jundarwood,c_jundarwood.tga
c_jungled_approach,c_jungled_approach.tga
c_kaarekh,c_kaarekh.tga
c_kabus_highlands,c_kabus_highlands.tga
c_kabut,c_kabut.tga
c_kadarasto,c_kadarasto.tga
c_kaget_valley,c_kaget_valley.tga
c_kai_shan,c_kai_shan.tga
c_kajiaruti,c_kajiaruti.tga
c_kalathtyr,c_kalathtyr.tga
c_kalish,c_kalish.tga
c_kalmins_grove,c_kalmins_grove.tga
c_kalterland,c_kalterland.tga
c_kaluth,c_kaluth.tga
c_kanaglym,c_kanaglym.tga
c_kangste,c_kangste.tga
c_kaoll,c_kaoll.tga
c_kapuli,c_kapuli.tga
c_karlyns_vale,c_karlyns_vale.tga
c_karmsteppe,c_karmsteppe.tga
c_karoah,c_karoah.tga
c_karondar,c_karondar.tga
c_karzuwa,c_karzuwa.tga
c_kasal,c_kasal.tga
c_kaslaib,c_kaslaib.tga
c_kasper,c_kasper.tga
c_kassa_bay,c_kassa_bay.tga
c_katakoro_pass,c_katakoro_pass.tga
c_katakoro_tundra,c_katakoro_tundra.tga
c_kayari,c_kayari.tga
c_keczulla,c_keczulla.tga
c_kelazzan,c_kelazzan.tga
c_kelereng_valley,c_kelereng_valley.tga
c_kellesar,c_kellesar.tga
c_keltar,c_keltar.tga
c_keluh,c_keluh.tga
c_keluthar,c_keluthar.tga
c_kelvins_cairn,c_kelvins_cairn.tga
c_kemati_valley,c_kemati_valley.tga
c_kera,c_kera.tga
c_kesh,c_kesh.tga
c_ket_bel,c_ket_bel.tga
c_ketcheel,c_ketcheel.tga
c_kethid,c_kethid.tga
c_khaa,c_khaa.tga
c_khaelud,c_khaelud.tga
c_khedrun_valley,c_khedrun_valley.tga
c_khelas,c_khelas.tga
c_kheldrivver,c_kheldrivver.tga
c_khivak,c_khivak.tga
c_khol,c_khol.tga
c_kholaa,c_kholaa.tga
c_kholassa,c_kholassa.tga
c_kholtar,c_kholtar.tga
c_khopet_dag,c_khopet_dag.tga
c_khuld,c_khuld.tga
c_kiasia,c_kiasia.tga
c_kilastann,c_kilastann.tga
c_kindle,c_kindle.tga
c_kings_forest,c_kings_forest.tga
c_kings_reach,c_kings_reach.tga
c_kingsbay,c_kingsbay.tga
c_kingshore,c_kingshore.tga
c_kinyo,c_kinyo.tga
c_kitbezi,c_kitbezi.tga
c_kituzeelal,c_kituzeelal.tga
c_klionna,c_klionna.tga
c_klondor,c_klondor.tga
c_kobar,c_kobar.tga
c_kochar_steppe,c_kochar_steppe.tga
c_kochung,c_kochung.tga
c_kolapur,c_kolapur.tga
c_kolium,c_kolium.tga
c_kollyat,c_kollyat.tga
c_konig_hills,c_konig_hills.tga
c_konigheim,c_konigheim.tga
c_korar_hills,c_korar_hills.tga
c_korinn,c_korinn.tga
c_kork,c_kork.tga
c_kormul,c_kormul.tga
c_kothask,c_kothask.tga
c_kouangi,c_kouangi.tga
c_kourmira,c_kourmira.tga
c_krak_al_mazhar,c_krak_al_mazhar.tga
c_krak_al_niraan,c_krak_al_niraan.tga
c_krak_al_sajjaan,c_krak_al_sajjaan.tga
c_krak_al_shidda,c_krak_al_shidda.tga
c_krak_al_uruj,c_krak_al_uruj.tga
c_kresttet,c_kresttet.tga
c_kront,c_kront.tga
c_kryptgarden_forest,c_kryptgarden_forest.tga
c_ku_akh,c_ku_akh.tga
c_kuan_road,c_kuan_road.tga
c_kuang_chu_road,c_kuang_chu_road.tga
c_kumandang,c_kumandang.tga
c_kuning,c_kuning.tga
c_kuo_meilan,c_kuo_meilan.tga
c_kupoteza,c_kupoteza.tga
c_kuraakim,c_kuraakim.tga
c_kurrsh,c_kurrsh.tga
c_kurth,c_kurth.tga
c_kushk,c_kushk.tga
c_kwachow,c_kwachow.tga
c_kzelter,c_kzelter.tga
c_laas,c_laas.tga
c_lac_dinneshere,c_lac_dinneshere.tga
c_lachom,c_lachom.tga
c_lagiluri,c_lagiluri.tga
c_lahib_island,c_lahib_island.tga
c_laila,c_laila.tga
c_laiwei,c_laiwei.tga
c_lajang,c_lajang.tga
c_lake_weng,c_lake_weng.tga
c_lammasus_plain,c_lammasus_plain.tga
c_lamrar,c_lamrar.tga
c_land_of_ash_and_smoke,c_land_of_ash_and_smoke.tga
c_landithust,c_landithust.tga
c_langdarma,c_langdarma.tga
c_laothkund,c_laothkund.tga
c_lapaalis,c_lapaalis.tga
c_lapalgard,c_lapalgard.tga
c_lapalgulph,c_lapalgulph.tga
c_laphe,c_laphe.tga
c_larut,c_larut.tga
c_lashghar,c_lashghar.tga
c_lashloc,c_lashloc.tga
c_lastarr,c_lastarr.tga
c_laviguer,c_laviguer.tga
c_leaping_grasses,c_leaping_grasses.tga
c_legionsway,c_legionsway.tga
c_leilon,c_leilon.tga
c_lenchvale,c_lenchvale.tga
c_leneta,c_leneta.tga
c_leopard_shan,c_leopard_shan.tga
c_leth,c_leth.tga
c_leuthilspar,c_leuthilspar.tga
c_lhair,c_lhair.tga
c_lheshayl,c_lheshayl.tga
c_lhespenbog,c_lhespenbog.tga
c_lhesper,c_lhesper.tga
c_li_raz,c_li_raz.tga
c_liham,c_liham.tga
c_lilinuk,c_lilinuk.tga
c_lilit_pass,c_lilit_pass.tga
c_limjung,c_limjung.tga
c_lipo,c_lipo.tga
c_liswood,c_liswood.tga
c_lizard_marsh,c_lizard_marsh.tga
c_lizards_tongue_pass,c_lizards_tongue_pass.tga
c_llorkh,c_llorkh.tga
c_lluirwood,c_lluirwood.tga
c_llurth_dreier,c_llurth_dreier.tga
c_lo_tu,c_lo_tu.tga
c_loagrann,c_loagrann.tga
c_lomatra,c_lomatra.tga
c_lonefang,c_lonefang.tga
c_lonely_moor,c_lonely_moor.tga
c_lonely_rock,c_lonely_rock.tga
c_long_arm,c_long_arm.tga
c_long_marsh,c_long_marsh.tga
c_longsaddle,c_longsaddle.tga
c_lopango,c_lopango.tga
c_lost_land,c_lost_land.tga
c_lost_peaks,c_lost_peaks.tga
c_lost_vale,c_lost_vale.tga
c_lothen,c_lothen.tga
c_loudwater,c_loudwater.tga
c_loulan,c_loulan.tga
c_lower_glaur,c_lower_glaur.tga
c_lower_kayu,c_lower_kayu.tga
c_lower_kuning,c_lower_kuning.tga
c_lower_red_goat,c_lower_red_goat.tga
c_lower_terrace,c_lower_terrace.tga
c_lower_wing,c_lower_wing.tga
c_lowfork,c_lowfork.tga
c_luenath,c_luenath.tga
c_lugabi,c_lugabi.tga
c_lugotak,c_lugotak.tga
c_luirbrech,c_luirbrech.tga
c_luirund,c_luirund.tga
c_lundeth,c_lundeth.tga
c_lundeth_bay,c_lundeth_bay.tga
c_lunru,c_lunru.tga
c_lurkwood,c_lurkwood.tga
c_lushpool,c_lushpool.tga
c_luskan,c_luskan.tga
c_luthcheq,c_luthcheq.tga
c_lylkara_valley,c_lylkara_valley.tga
c_lylorn,c_lylorn.tga
c_lyndar,c_lyndar.tga
c_lyntara,c_lyntara.tga
c_lyrabar,c_lyrabar.tga
c_maarlith,c_maarlith.tga
c_mabasha,c_mabasha.tga
c_mache_gap,c_mache_gap.tga
c_maelar,c_maelar.tga
c_maelevarar,c_maelevarar.tga
c_maer_dualdon,c_maer_dualdon.tga
c_maerch,c_maerch.tga
c_maerchlin,c_maerchlin.tga
c_maerchwoods,c_maerchwoods.tga
c_maerduuth,c_maerduuth.tga
c_maerimydra,c_maerimydra.tga
c_maeruhal,c_maeruhal.tga
c_maerwatch,c_maerwatch.tga
c_maerzalar,c_maerzalar.tga
c_maeynda,c_maeynda.tga
c_mafrad,c_mafrad.tga
c_magis_tor,c_magis_tor.tga
c_magrib,c_magrib.tga
c_mahabba,c_mahabba.tga
c_maharas_vale,c_maharas_vale.tga
c_mahazaka,c_mahazaka.tga
c_mahligwi,c_mahligwi.tga
c_makaxar,c_makaxar.tga
c_malaarar,c_malaarar.tga
c_maldali,c_maldali.tga
c_malualti,c_malualti.tga
c_manass,c_manass.tga
c_mangale,c_mangale.tga
c_mangangan,c_mangangan.tga
c_manhus_and_saliam,c_manhus_and_saliam.tga
c_manshaka,c_manshaka.tga
c_marangor,c_marangor.tga
c_marching_camels_road,c_marching_camels_road.tga
c_maribar_island,c_maribar_island.tga
c_marrauk,c_marrauk.tga
c_marsember,c_marsember.tga
c_marsh_of_tun,c_marsh_of_tun.tga
c_maskana,c_maskana.tga
c_maskath,c_maskath.tga
c_masud_jazayir,c_masud_jazayir.tga
c_mata,c_mata.tga
c_matolo,c_matolo.tga
c_maviddi_forest,c_maviddi_forest.tga
c_mazat,c_mazat.tga
c_mbala,c_mbala.tga
c_medang_perang,c_medang_perang.tga
c_medina_akota,c_medina_akota.tga
c_medina_al_afyal,c_medina_al_afyal.tga
c_medinat_muskawoon,c_medinat_muskawoon.tga
c_meinan,c_meinan.tga
c_meiritin,c_meiritin.tga
c_mekebat,c_mekebat.tga
c_mella,c_mella.tga
c_melvaunt,c_melvaunt.tga
c_memnon,c_memnon.tga
c_menzoberranzan,c_menzoberranzan.tga
c_mere_of_dead_men,c_mere_of_dead_men.tga
c_mergu,c_mergu.tga
c_mergu_saah,c_mergu_saah.tga
c_merkungard,c_merkungard.tga
c_messemprar,c_messemprar.tga
c_methwood,c_methwood.tga
c_mettledale,c_mettledale.tga
c_mevarand,c_mevarand.tga
c_mezro,c_mezro.tga
c_mhaelos,c_mhaelos.tga
c_mhair_pass,c_mhair_pass.tga
c_mhairhetel,c_mhairhetel.tga
c_mhairling,c_mhairling.tga
c_mhiilamnir,c_mhiilamnir.tga
c_middenlands,c_middenlands.tga
c_middle_longwood,c_middle_longwood.tga
c_middle_rendai,c_middle_rendai.tga
c_middlewoods,c_middlewoods.tga
c_midnight_waters,c_midnight_waters.tga
c_midvale,c_midvale.tga
c_midways,c_midways.tga
c_midwinter_pass,c_midwinter_pass.tga
c_miir,c_miir.tga
c_milvarune,c_milvarune.tga
c_mimph,c_mimph.tga
c_mina,c_mina.tga
c_minlow,c_minlow.tga
c_minta_vale,c_minta_vale.tga
c_mintar,c_mintar.tga
c_mintarn,c_mintarn.tga
c_mirabar,c_mirabar.tga
c_mirande,c_mirande.tga
c_mirror_lake,c_mirror_lake.tga
c_misbahd,c_misbahd.tga
c_mishan,c_mishan.tga
c_mishtan,c_mishtan.tga
c_misted_court,c_misted_court.tga
c_mistfells,c_mistfells.tga
c_mistshaws,c_mistshaws.tga
c_misty_forest,c_misty_forest.tga
c_misty_plains,c_misty_plains.tga
c_misty_vale,c_misty_vale.tga
c_mithel,c_mithel.tga
c_mithral_hall,c_mithral_hall.tga
c_mnyama,c_mnyama.tga
c_mokalonni_islands,c_mokalonni_islands.tga
c_molken,c_molken.tga
c_monksblade,c_monksblade.tga
c_monteshi,c_monteshi.tga
c_moonglade,c_moonglade.tga
c_moonrise,c_moonrise.tga
c_moonvales,c_moonvales.tga
c_moonwood,c_moonwood.tga
c_moraan,c_moraan.tga
c_moradask,c_moradask.tga
c_mordulkin,c_mordulkin.tga
c_morninggold,c_morninggold.tga
c_morrowikik,c_morrowikik.tga
c_mortens_gap,c_mortens_gap.tga
c_mortik_swamp,c_mortik_swamp.tga
c_morvar,c_morvar.tga
c_mosstrunks,c_mosstrunks.tga
c_moszabbar,c_moszabbar.tga
c_mother_of_mists,c_mother_of_mists.tga
c_motra,c_motra.tga
c_mount_illefarn,c_mount_illefarn.tga
c_mount_sar,c_mount_sar.tga
c_mount_sarengard,c_mount_sarengard.tga
c_mount_sundabar,c_mount_sundabar.tga
c_mountain_of_iron,c_mountain_of_iron.tga
c_mourktar,c_mourktar.tga
c_mraar_forest,c_mraar_forest.tga
c_mratanga,c_mratanga.tga
c_mreyelundar,c_mreyelundar.tga
c_msalin,c_msalin.tga
c_mt_hotenow,c_mt_hotenow.tga
c_muara,c_muara.tga
c_mulharahold,c_mulharahold.tga
c_mulhessen,c_mulhessen.tga
c_mulmaster,c_mulmaster.tga
c_mulptan,c_mulptan.tga
c_mulsantir,c_mulsantir.tga
c_mulsanyaar,c_mulsanyaar.tga
c_muluk,c_muluk.tga
c_munli,c_munli.tga
c_murann,c_murann.tga
c_murbant,c_murbant.tga
c_muren_tso,c_muren_tso.tga
c_murghyr,c_murghyr.tga
c_murpeth,c_murpeth.tga
c_murr,c_murr.tga
c_murthil,c_murthil.tga
c_mussum,c_mussum.tga
c_myrloch_vale,c_myrloch_vale.tga
c_myrmyr,c_myrmyr.tga
c_myth_drannor,c_myth_drannor.tga
c_myth_dyraalis,c_myth_dyraalis.tga
c_myth_telvondial,c_myth_telvondial.tga
c_mytharan_woods,c_mytharan_woods.tga
c_naga_plain,c_naga_plain.tga
c_nagaflow,c_nagaflow.tga
c_nagai_terrace,c_nagai_terrace.tga
c_nagarana,c_nagarana.tga
c_nagarr,c_nagarr.tga
c_nagoo,c_nagoo.tga
c_nahr_al_fil,c_nahr_al_fil.tga
c_naiganga,c_naiganga.tga
c_najara,c_najara.tga
c_namtan,c_namtan.tga
c_nangalore,c_nangalore.tga
c_nanhu,c_nanhu.tga
c_nanxun,c_nanxun.tga
c_naon,c_naon.tga
c_naqayna,c_naqayna.tga
c_naqq_and_qutil,c_naqq_and_qutil.tga
c_nar_ormpur,c_nar_ormpur.tga
c_narari,c_narari.tga
c_narderwood,c_narderwood.tga
c_narodara,c_narodara.tga
c_narubel,c_narubel.tga
c_narvarr,c_narvarr.tga
c_nashkel,c_nashkel.tga
c_nath_pass,c_nath_pass.tga
c_nathenje,c_nathenje.tga
c_nathlekh,c_nathlekh.tga
c_nathoud,c_nathoud.tga
c_naupau,c_naupau.tga
c_naurogloth,c_naurogloth.tga
c_nawal,c_nawal.tga
c_naysabur,c_naysabur.tga
c_ndoto,c_ndoto.tga
c_neachal,c_neachal.tga
c_nearwoods,c_nearwoods.tga
c_neldorild,c_neldorild.tga
c_nember,c_nember.tga
c_nemessor,c_nemessor.tga
c_nemoree_isles,c_nemoree_isles.tga
c_nenvar,c_nenvar.tga
c_nerth,c_nerth.tga
c_neryudzhan,c_neryudzhan.tga
c_nesme,c_nesme.tga
c_nethentir,c_nethentir.tga
c_nether_mountains,c_nether_mountains.tga
c_netheril_river,c_netheril_river.tga
c_nethjet,c_nethjet.tga
c_nethra,c_nethra.tga
c_neverwinter,c_neverwinter.tga
c_neverwinter_wood,c_neverwinter_wood.tga
c_new_sarshel,c_new_sarshel.tga
c_nezras,c_nezras.tga
c_ni_ko,c_ni_ko.tga
c_night_trees,c_night_trees.tga
c_nimlith,c_nimlith.tga
c_nimpeth,c_nimpeth.tga
c_nimsur,c_nimsur.tga
c_nisalin,c_nisalin.tga
c_nix,c_nix.tga
c_njast,c_njast.tga
c_nleeth_and_amah,c_nleeth_and_amah.tga
c_nogoonraat,c_nogoonraat.tga
c_nolin,c_nolin.tga
c_nonthal,c_nonthal.tga
c_noondai,c_noondai.tga
c_norheim,c_norheim.tga
c_nornglast,c_nornglast.tga
c_north_fornaluit,c_north_fornaluit.tga
c_north_peak,c_north_peak.tga
c_north_reaching_wood,c_north_reaching_wood.tga
c_north_rystall,c_north_rystall.tga
c_north_winterwood,c_north_winterwood.tga
c_northdark_woods,c_northdark_woods.tga
c_northwind,c_northwind.tga
c_nouarada,c_nouarada.tga
c_nsi,c_nsi.tga
c_nun,c_nun.tga
c_nunwood,c_nunwood.tga
c_nuthretos,c_nuthretos.tga
c_nyangumi,c_nyangumi.tga
c_nyanzaru,c_nyanzaru.tga
c_nykkar,c_nykkar.tga
c_nymphwood,c_nymphwood.tga
c_nyth,c_nyth.tga
c_obarval,c_obarval.tga
c_oceans_sigh,c_oceans_sigh.tga
c_ochoq,c_ochoq.tga
c_ochre_hills,c_ochre_hills.tga
c_odesh,c_odesh.tga
c_oghrann,c_oghrann.tga
c_ohmai,c_ohmai.tga
c_okk,c_okk.tga
c_olafstaad,c_olafstaad.tga
c_olattan,c_olattan.tga
c_old_drivendelve,c_old_drivendelve.tga
c_old_road,c_old_road.tga
c_old_well,c_old_well.tga
c_olomaa,c_olomaa.tga
c_olstone,c_olstone.tga
c_olum,c_olum.tga
c_olung,c_olung.tga
c_olyniak,c_olyniak.tga
c_ommvale,c_ommvale.tga
c_omu,c_omu.tga
c_ondathel,c_ondathel.tga
c_ondene,c_ondene.tga
c_ong_woods,c_ong_woods.tga
c_oostar,c_oostar.tga
c_open_marches,c_open_marches.tga
c_oraundil,c_oraundil.tga
c_orbedal,c_orbedal.tga
c_orbrekh_hills,c_orbrekh_hills.tga
c_orbrekhland,c_orbrekhland.tga
c_ordulin,c_ordulin.tga
c_oreme,c_oreme.tga
c_orgymist,c_orgymist.tga
c_orithar,c_orithar.tga
c_orlil,c_orlil.tga
c_orlumbor,c_orlumbor.tga
c_ormath,c_ormath.tga
c_ormen,c_ormen.tga
c_ormpe,c_ormpe.tga
c_ormpetarr,c_ormpetarr.tga
c_ormpur,c_ormpur.tga
c_orogoth,c_orogoth.tga
c_orolunga,c_orolunga.tga
c_oroth,c_oroth.tga
c_orphar,c_orphar.tga
c_orpher,c_orpher.tga
c_orvyltar,c_orvyltar.tga
c_oryndoll,c_oryndoll.tga
c_oslin,c_oslin.tga
c_ospkur,c_ospkur.tga
c_ostel,c_ostel.tga
c_otennath,c_otennath.tga
c_othars_hand,c_othars_hand.tga
c_outer_reghed,c_outer_reghed.tga
c_outlaw_waste,c_outlaw_waste.tga
c_oyargh,c_oyargh.tga
c_palevash,c_palevash.tga
c_palischuk,c_palischuk.tga
c_panforza,c_panforza.tga
c_panjang_river,c_panjang_river.tga
c_panjuis,c_panjuis.tga
c_pasar,c_pasar.tga
c_patatak,c_patatak.tga
c_pazar,c_pazar.tga
c_pearl_banks,c_pearl_banks.tga
c_pehrrifaal,c_pehrrifaal.tga
c_pelandar,c_pelandar.tga
c_pelauvir,c_pelauvir.tga
c_peldvale,c_peldvale.tga
c_pelleors_prairie,c_pelleors_prairie.tga
c_penuh_susak,c_penuh_susak.tga
c_peqqir,c_peqqir.tga
c_perilous,c_perilous.tga
c_perpustakaan,c_perpustakaan.tga
c_peskar,c_peskar.tga
c_phannaskul,c_phannaskul.tga
c_phantom_pass,c_phantom_pass.tga
c_pharren,c_pharren.tga
c_phelajarama,c_phelajarama.tga
c_phelzol,c_phelzol.tga
c_phent,c_phent.tga
c_phlan,c_phlan.tga
c_phoenix,c_phoenix.tga
c_phsant,c_phsant.tga
c_phutan,c_phutan.tga
c_pigeon_rock,c_pigeon_rock.tga
c_pikemans_folly,c_pikemans_folly.tga
c_plain_of_heroes,c_plain_of_heroes.tga
c_plain_of_the_talon,c_plain_of_the_talon.tga
c_plainsmarch,c_plainsmarch.tga
c_po_yul_dzayul,c_po_yul_dzayul.tga
c_polten,c_polten.tga
c_poltensmark,c_poltensmark.tga
c_port_ghast,c_port_ghast.tga
c_port_llast,c_port_llast.tga
c_prastuil,c_prastuil.tga
c_priapurl,c_priapurl.tga
c_prints_floe,c_prints_floe.tga
c_procampur,c_procampur.tga
c_proskur,c_proskur.tga
c_protain,c_protain.tga
c_pterafolk_eyries,c_pterafolk_eyries.tga
c_punakha_dzong,c_punakha_dzong.tga
c_purple_rocks,c_purple_rocks.tga
c_purskul,c_purskul.tga
c_pyarados,c_pyarados.tga
c_pyratar,c_pyratar.tga
c_qadib,c_qadib.tga
c_qadim_hills,c_qadim_hills.tga
c_qanadad,c_qanadad.tga
c_qantun,c_qantun.tga
c_qaragar,c_qaragar.tga
c_qarintg,c_qarintg.tga
c_qarlondrar,c_qarlondrar.tga
c_qinyi,c_qinyi.tga
c_qorkh,c_qorkh.tga
c_qosodera,c_qosodera.tga
c_qota,c_qota.tga
c_quaraband,c_quaraband.tga
c_quaraqand,c_quaraqand.tga
c_quarat,c_quarat.tga
c_quarter_of_emptiness,c_quarter_of_emptiness.tga
c_quaver,c_quaver.tga
c_quchang,c_quchang.tga
c_qudalla,c_qudalla.tga
c_qudao,c_qudao.tga
c_qudra,c_qudra.tga
c_quistrade,c_quistrade.tga
c_quli,c_quli.tga
c_quorat,c_quorat.tga
c_quretta,c_quretta.tga
c_qurth_forest,c_qurth_forest.tga
c_qutel,c_qutel.tga
c_ragado,c_ragado.tga
c_rago,c_rago.tga
c_rainbow_falls,c_rainbow_falls.tga
c_ralasuu_isle,c_ralasuu_isle.tga
c_ramekho,c_ramekho.tga
c_rashaflow,c_rashaflow.tga
c_raskuldin,c_raskuldin.tga
c_rassalantar,c_rassalantar.tga
c_rassatan,c_rassatan.tga
c_rastaal,c_rastaal.tga
c_rathmar,c_rathmar.tga
c_rauder,c_rauder.tga
c_raurokh,c_raurokh.tga
c_rauthgor,c_rauthgor.tga
c_rauthil,c_rauthil.tga
c_ravens_bluff,c_ravens_bluff.tga
c_raziz,c_raziz.tga
c_reaching_wood,c_reaching_wood.tga
c_red_cliffs,c_red_cliffs.tga
c_red_goat,c_red_goat.tga
c_red_larch,c_red_larch.tga
c_red_shores,c_red_shores.tga
c_reddansyr,c_reddansyr.tga
c_redspring,c_redspring.tga
c_redstar,c_redstar.tga
c_redwater_dale,c_redwater_dale.tga
c_redwaters,c_redwaters.tga
c_regdasaid,c_regdasaid.tga
c_relkaths_foot,c_relkaths_foot.tga
c_remorhaz_ride,c_remorhaz_ride.tga
c_reth,c_reth.tga
c_rethild_shore,c_rethild_shore.tga
c_rethmar,c_rethmar.tga
c_riatavin,c_riatavin.tga
c_riders_to_the_sky,c_riders_to_the_sky.tga
c_riftwood,c_riftwood.tga
c_riimlost,c_riimlost.tga
c_rimba,c_rimba.tga
c_rimlost,c_rimlost.tga
c_rimmator,c_rimmator.tga
c_risha,c_risha.tga
c_riven_frost,c_riven_frost.tga
c_river_of_metals,c_river_of_metals.tga
c_rivermoot,c_rivermoot.tga
c_riverride,c_riverride.tga
c_rivers_run,c_rivers_run.tga
c_rivershire,c_rivershire.tga
c_road_less_traveled,c_road_less_traveled.tga
c_road_of_dust,c_road_of_dust.tga
c_roaringshore,c_roaringshore.tga
c_rodanar,c_rodanar.tga
c_rogosto,c_rogosto.tga
c_rokthorl,c_rokthorl.tga
c_rondeval,c_rondeval.tga
c_roof_of_the_world,c_roof_of_the_world.tga
c_roraari,c_roraari.tga
c_rorst,c_rorst.tga
c_ruathym,c_ruathym.tga
c_rubbans_tears,c_rubbans_tears.tga
c_rucien_xan,c_rucien_xan.tga
c_ruith,c_ruith.tga
c_rume,c_rume.tga
c_ruriks_end,c_ruriks_end.tga
c_rystall_wood,c_rystall_wood.tga
c_sabrasha,c_sabrasha.tga
c_sadamzar,c_sadamzar.tga
c_sadazeh,c_sadazeh.tga
c_saekolath,c_saekolath.tga
c_saelmur,c_saelmur.tga
c_saerb,c_saerb.tga
c_saerloon,c_saerloon.tga
c_safaq,c_safaq.tga
c_saichik,c_saichik.tga
c_saigai,c_saigai.tga
c_saikhoi,c_saikhoi.tga
c_sakh,c_sakh.tga
c_sakina,c_sakina.tga
c_salira,c_salira.tga
c_salju,c_salju.tga
c_salpir,c_salpir.tga
c_samagard,c_samagard.tga
c_samargol,c_samargol.tga
c_sambar,c_sambar.tga
c_sambral,c_sambral.tga
c_sammaresh,c_sammaresh.tga
c_samphos,c_samphos.tga
c_sampranasz,c_sampranasz.tga
c_samra,c_samra.tga
c_sandsrun,c_sandsrun.tga
c_sant,c_sant.tga
c_sapphire_shores,c_sapphire_shores.tga
c_saraath,c_saraath.tga
c_saraq,c_saraq.tga
c_sarenestar,c_sarenestar.tga
c_sariban,c_sariban.tga
c_sarrukoth,c_sarrukoth.tga
c_sarshel,c_sarshel.tga
c_sartha_coast,c_sartha_coast.tga
c_sathadech,c_sathadech.tga
c_satous,c_satous.tga
c_satyr_road,c_satyr_road.tga
c_sawsh,c_sawsh.tga
c_sayf,c_sayf.tga
c_scardale,c_scardale.tga
c_scarlet_jungle,c_scarlet_jungle.tga
c_schamedar,c_schamedar.tga
c_scornubel,c_scornubel.tga
c_scrabbleground,c_scrabbleground.tga
c_sea_of_salt,c_sea_of_salt.tga
c_sebben,c_sebben.tga
c_secomber,c_secomber.tga
c_sefriszar,c_sefriszar.tga
c_segaran_swamp,c_segaran_swamp.tga
c_seikung,c_seikung.tga
c_sekola_atas,c_sekola_atas.tga
c_sekras,c_sekras.tga
c_selgaunt,c_selgaunt.tga
c_selskar_vale,c_selskar_vale.tga
c_sembabule,c_sembabule.tga
c_semberholme,c_semberholme.tga
c_semkhrun,c_semkhrun.tga
c_semphar_water,c_semphar_water.tga
c_sempharin,c_sempharin.tga
c_sendalam,c_sendalam.tga
c_senia_plateau,c_senia_plateau.tga
c_sentinel_island,c_sentinel_island.tga
c_sentinel_spire,c_sentinel_spire.tga
c_serpent_hills,c_serpent_hills.tga
c_serpent_valley,c_serpent_valley.tga
c_serpents_tail,c_serpents_tail.tga
c_serzeman_bamar,c_serzeman_bamar.tga
c_seshano,c_seshano.tga
c_sesserash,c_sesserash.tga
c_sessrenglade,c_sessrenglade.tga
c_settlestone,c_settlestone.tga
c_seventon,c_seventon.tga
c_severed_hand,c_severed_hand.tga
c_sezilinta,c_sezilinta.tga
c_shaareach_forest,c_shaareach_forest.tga
c_shaargald,c_shaargald.tga
c_shaarmid,c_shaarmid.tga
c_shaddath,c_shaddath.tga
c_shadowdale,c_shadowdale.tga
c_shadowed_grave,c_shadowed_grave.tga
c_shadowglade,c_shadowglade.tga
c_shadows_end,c_shadows_end.tga
c_shaelyn,c_shaelyn.tga
c_shakham,c_shakham.tga
c_shakkak,c_shakkak.tga
c_shalanar,c_shalanar.tga
c_shamandra,c_shamandra.tga
c_shamph,c_shamph.tga
c_shan_sao,c_shan_sao.tga
c_shandaular,c_shandaular.tga
c_shangtao,c_shangtao.tga
c_shannath,c_shannath.tga
c_shanshu,c_shanshu.tga
c_shantal,c_shantal.tga
c_sharandar,c_sharandar.tga
c_sharawood,c_sharawood.tga
c_sharira,c_sharira.tga
c_shattered_tower,c_shattered_tower.tga
c_shatterwave,c_shatterwave.tga
c_shay_hills,c_shay_hills.tga
c_shederran_grove,c_shederran_grove.tga
c_sheirtalar,c_sheirtalar.tga
c_shentsa,c_shentsa.tga
c_shey_chorten,c_shey_chorten.tga
c_shih_tuh,c_shih_tuh.tga
c_shihfang,c_shihfang.tga
c_shilku_bay,c_shilku_bay.tga
c_shilmista,c_shilmista.tga
c_shining_gap,c_shining_gap.tga
c_shining_white,c_shining_white.tga
c_ship_isle,c_ship_isle.tga
c_ship_of_the_gods,c_ship_of_the_gods.tga
c_shipgrave_isles,c_shipgrave_isles.tga
c_shirc,c_shirc.tga
c_shivering_coast,c_shivering_coast.tga
c_shoal_of_thirst,c_shoal_of_thirst.tga
c_shoonach,c_shoonach.tga
c_shota,c_shota.tga
c_shou_kuan,c_shou_kuan.tga
c_shrouded_lands,c_shrouded_lands.tga
c_shussel,c_shussel.tga
c_sidewinder_wood,c_sidewinder_wood.tga
c_sidi_island,c_sidi_island.tga
c_sierrak,c_sierrak.tga
c_sigram,c_sigram.tga
c_siiluth,c_siiluth.tga
c_sikak,c_sikak.tga
c_siksuv,c_siksuv.tga
c_silapathar,c_silapathar.tga
c_silver_hills,c_silver_hills.tga
c_silvermoon_pass,c_silvermoon_pass.tga
c_silverwood,c_silverwood.tga
c_silverymoon,c_silverymoon.tga
c_simbaya,c_simbaya.tga
c_sinking_palace,c_sinking_palace.tga
c_sinna,c_sinna.tga
c_sixstreams,c_sixstreams.tga
c_skadaurak,c_skadaurak.tga
c_skarou,c_skarou.tga
c_skeska,c_skeska.tga
c_skouth,c_skouth.tga
c_skuld,c_skuld.tga
c_skuldusk,c_skuldusk.tga
c_skurrukh,c_skurrukh.tga
c_sky_fields,c_sky_fields.tga
c_skytower_shelter,c_skytower_shelter.tga
c_skyvale,c_skyvale.tga
c_skywall,c_skywall.tga
c_smokeholes,c_smokeholes.tga
c_smokespire,c_smokespire.tga
c_smoking_mountains,c_smoking_mountains.tga
c_snakewood,c_snakewood.tga
c_snapping_turtle_bay,c_snapping_turtle_bay.tga
c_snokkok,c_snokkok.tga
c_snout_of_omgar,c_snout_of_omgar.tga
c_sokkar,c_sokkar.tga
c_soleineflow,c_soleineflow.tga
c_solon,c_solon.tga
c_sombor,c_sombor.tga
c_somraggah,c_somraggah.tga
c_songfarla,c_songfarla.tga
c_songhal,c_songhal.tga
c_soolabax,c_soolabax.tga
c_soorenar,c_soorenar.tga
c_soranda,c_soranda.tga
c_sorghum_fields,c_sorghum_fields.tga
c_sorib,c_sorib.tga
c_sorl,c_sorl.tga
c_sossvaal,c_sossvaal.tga
c_soto,c_soto.tga
c_soubar,c_soubar.tga
c_soussal,c_soussal.tga
c_south_fornaluit,c_south_fornaluit.tga
c_south_winterwood,c_south_winterwood.tga
c_southern_shandaular,c_southern_shandaular.tga
c_southspar,c_southspar.tga
c_southwatch,c_southwatch.tga
c_southwood,c_southwood.tga
c_spandeliyon,c_spandeliyon.tga
c_spearhead_point,c_spearhead_point.tga
c_spearsmouth_dale,c_spearsmouth_dale.tga
c_spellgard,c_spellgard.tga
c_spellshire,c_spellshire.tga
c_spider_swamp,c_spider_swamp.tga
c_spiderhaunt_woods,c_spiderhaunt_woods.tga
c_spiteful_isles,c_spiteful_isles.tga
c_splendarrmornn,c_splendarrmornn.tga
c_sragadha,c_sragadha.tga
c_sschindylryn,c_sschindylryn.tga
c_ssensval,c_ssensval.tga
c_sshamath,c_sshamath.tga
c_ssintar,c_ssintar.tga
c_ssrenshen,c_ssrenshen.tga
c_stagford,c_stagford.tga
c_star_mounts,c_star_mounts.tga
c_starfields,c_starfields.tga
c_starmantle,c_starmantle.tga
c_starmetal_hills,c_starmetal_hills.tga
c_starspire,c_starspire.tga
c_starspur,c_starspur.tga
c_stillmoors,c_stillmoors.tga
c_stingfields,c_stingfields.tga
c_stirgewick,c_stirgewick.tga
c_storm_horns,c_storm_horns.tga
c_stormhelm,c_stormhelm.tga
c_stormslough,c_stormslough.tga
c_stormy_high,c_stormy_high.tga
c_sulaziir,c_sulaziir.tga
c_suldanessellar,c_suldanessellar.tga
c_suldolphor,c_suldolphor.tga
c_sultim,c_sultim.tga
c_sumber_hills,c_sumber_hills.tga
c_sumbrar,c_sumbrar.tga
c_sumbria,c_sumbria.tga
c_sumuk_island,c_sumuk_island.tga
c_sundabar,c_sundabar.tga
c_sundasz,c_sundasz.tga
c_sunder,c_sunder.tga
c_sundice,c_sundice.tga
c_sundrah,c_sundrah.tga
c_sunglade,c_sunglade.tga
c_sunrise_hills,c_sunrise_hills.tga
c_suns_eye,c_suns_eye.tga
c_sunset,c_sunset.tga
c_sunset_foothills,c_sunset_foothills.tga
c_sunset_rocks,c_sunset_rocks.tga
c_suntar,c_suntar.tga
c_suormpar,c_suormpar.tga
c_surag,c_surag.tga
c_surbar,c_surbar.tga
c_surbrin_hills,c_surbrin_hills.tga
c_surbroar,c_surbroar.tga
c_surcross,c_surcross.tga
c_surkazar,c_surkazar.tga
c_surkh,c_surkh.tga
c_surmarsh,c_surmarsh.tga
c_surraer,c_surraer.tga
c_surthay,c_surthay.tga
c_suzail,c_suzail.tga
c_suzhai,c_suzhai.tga
c_svardborg,c_svardborg.tga
c_syevyer_forest,c_syevyer_forest.tga
c_synnoria,c_synnoria.tga
c_szant,c_szant.tga
c_szith_morcane,c_szith_morcane.tga
c_szul,c_szul.tga
c_taam,c_taam.tga
c_tadabbur,c_tadabbur.tga
c_taertal_gates,c_taertal_gates.tga
c_taham,c_taham.tga
c_taikho_gaze,c_taikho_gaze.tga
c_taishan,c_taishan.tga
c_tajar,c_tajar.tga
c_takeyef,c_takeyef.tga
c_takrit,c_takrit.tga
c_takt_muren,c_takt_muren.tga
c_talab,c_talab.tga
c_talacoast,c_talacoast.tga
c_talagbar,c_talagbar.tga
c_talaran_highlands,c_talaran_highlands.tga
c_talarvale,c_talarvale.tga
c_talathgard,c_talathgard.tga
c_talduth_vale,c_talduth_vale.tga
c_talffolk,c_talffolk.tga
c_taliat,c_taliat.tga
c_tall_trees,c_tall_trees.tga
c_taltempla,c_taltempla.tga
c_talukhi,c_talukhi.tga
c_tammar,c_tammar.tga
c_tane,c_tane.tga
c_tangkap,c_tangkap.tga
c_tangled_trees,c_tangled_trees.tga
c_tanistan,c_tanistan.tga
c_tantay,c_tantay.tga
c_tantras,c_tantras.tga
c_taotie,c_taotie.tga
c_tapenga,c_tapenga.tga
c_taranmire,c_taranmire.tga
c_tariatooroi,c_tariatooroi.tga
c_tarikat_island,c_tarikat_island.tga
c_tarmalune,c_tarmalune.tga
c_tarnhall,c_tarnhall.tga
c_tarsith,c_tarsith.tga
c_taruin,c_taruin.tga
c_tashan_gap,c_tashan_gap.tga
c_tashluta,c_tashluta.tga
c_taskaunt,c_taskaunt.tga
c_tatanulgts,c_tatanulgts.tga
c_taurax,c_taurax.tga
c_tauros,c_tauros.tga
c_tayabuk,c_tayabuk.tga
c_tayaraan,c_tayaraan.tga
c_tching,c_tching.tga
c_tegals_mark,c_tegals_mark.tga
c_tehing,c_tehing.tga
c_teladem,c_teladem.tga
c_telah,c_telah.tga
c_telflamm,c_telflamm.tga
c_telox,c_telox.tga
c_telpir,c_telpir.tga
c_tembasi,c_tembasi.tga
c_tempat_larang,c_tempat_larang.tga
c_tensteps,c_tensteps.tga
c_tera_dur,c_tera_dur.tga
c_terbakar,c_terbakar.tga
c_teri,c_teri.tga
c_teshburl,c_teshburl.tga
c_teshwave,c_teshwave.tga
c_teshyll,c_teshyll.tga
c_tethyamar,c_tethyamar.tga
c_tezarbal,c_tezarbal.tga
c_teziir,c_teziir.tga
c_tezir,c_tezir.tga
c_thandyl,c_thandyl.tga
c_thar,c_thar.tga
c_thargill,c_thargill.tga
c_tharkar,c_tharkar.tga
c_tharsult,c_tharsult.tga
c_thasselen,c_thasselen.tga
c_thasunta,c_thasunta.tga
c_thaymount,c_thaymount.tga
c_thazar,c_thazar.tga
c_thazar_pass,c_thazar_pass.tga
c_thazarim,c_thazarim.tga
c_the_alaor,c_the_alaor.tga
c_the_allascar,c_the_allascar.tga
c_the_alley,c_the_alley.tga
c_the_anchorage,c_the_anchorage.tga
c_the_bird,c_the_bird.tga
c_the_bleak_plain,c_the_bleak_plain.tga
c_the_burn,c_the_burn.tga
c_the_calves,c_the_calves.tga
c_the_camels_hump,c_the_camels_hump.tga
c_the_chador,c_the_chador.tga
c_the_chultengar,c_the_chultengar.tga
c_the_crags,c_the_crags.tga
c_the_dancer,c_the_dancer.tga
c_the_dawn_warrior,c_the_dawn_warrior.tga
c_the_dells,c_the_dells.tga
c_the_dune,c_the_dune.tga
c_the_duskwood,c_the_duskwood.tga
c_the_evermoors,c_the_evermoors.tga
c_the_eyes,c_the_eyes.tga
c_the_fang,c_the_fang.tga
c_the_faraway,c_the_faraway.tga
c_the_farmeadows,c_the_farmeadows.tga
c_the_fell_wood,c_the_fell_wood.tga
c_the_flats,c_the_flats.tga
c_the_flint,c_the_flint.tga
c_the_fork,c_the_fork.tga
c_the_fortress,c_the_fortress.tga
c_the_great_oak,c_the_great_oak.tga
c_the_great_spire,c_the_great_spire.tga
c_the_icefields,c_the_icefields.tga
c_the_icepeak,c_the_icepeak.tga
c_the_imnescourse,c_the_imnescourse.tga
c_the_jaws,c_the_jaws.tga
c_the_nath,c_the_nath.tga
c_the_neth_stand,c_the_neth_stand.tga
c_the_old_trees,c_the_old_trees.tga
c_the_pearls,c_the_pearls.tga
c_the_perloush,c_the_perloush.tga
c_the_red_giant,c_the_red_giant.tga
c_the_ride,c_the_ride.tga
c_the_ridge,c_the_ridge.tga
c_the_rift,c_the_rift.tga
c_the_rockshaws,c_the_rockshaws.tga
c_the_rookery,c_the_rookery.tga
c_the_saiyaddar,c_the_saiyaddar.tga
c_the_samarlogh,c_the_samarlogh.tga
c_the_scarland,c_the_scarland.tga
c_the_shaarwood,c_the_shaarwood.tga
c_the_shield,c_the_shield.tga
c_the_singing_rocks,c_the_singing_rocks.tga
c_the_sisters,c_the_sisters.tga
c_the_stonelands,c_the_stonelands.tga
c_the_stormtails,c_the_stormtails.tga
c_the_surague,c_the_surague.tga
c_the_swordpoint,c_the_swordpoint.tga
c_the_teardrops,c_the_teardrops.tga
c_the_teeth,c_the_teeth.tga
c_the_throat,c_the_throat.tga
c_the_tradeway,c_the_tradeway.tga
c_the_trollclaws,c_the_trollclaws.tga
c_the_tusks,c_the_tusks.tga
c_the_vensal,c_the_vensal.tga
c_the_wayrock,c_the_wayrock.tga
c_the_wetwoods,c_the_wetwoods.tga
c_the_whalebones,c_the_whalebones.tga
c_the_whales_flukes,c_the_whales_flukes.tga
c_the_white_rocks,c_the_white_rocks.tga
c_the_wizards_reach,c_the_wizards_reach.tga
c_the_wormbones,c_the_wormbones.tga
c_the_wyrmbones,c_the_wyrmbones.tga
c_themasulter,c_themasulter.tga
c_thentia,c_thentia.tga
c_theymarsh,c_theymarsh.tga
c_thilzoun,c_thilzoun.tga
c_thindar,c_thindar.tga
c_thingulphar,c_thingulphar.tga
c_tholvarr,c_tholvarr.tga
c_thommar,c_thommar.tga
c_thonns_fist,c_thonns_fist.tga
c_thordentor,c_thordentor.tga
c_thornhold,c_thornhold.tga
c_thornwash_vale,c_thornwash_vale.tga
c_thornwood,c_thornwood.tga
c_three_horns,c_three_horns.tga
c_three_rivers,c_three_rivers.tga
c_three_swords,c_three_swords.tga
c_thueban,c_thueban.tga
c_thulbane,c_thulbane.tga
c_thundars_ride,c_thundars_ride.tga
c_thunder_gap,c_thunder_gap.tga
c_thunder_hills,c_thunder_hills.tga
c_thunderholme,c_thunderholme.tga
c_thunderstone,c_thunderstone.tga
c_thur,c_thur.tga
c_tilbrand,c_tilbrand.tga
c_tilvers_gap,c_tilvers_gap.tga
c_tilverton,c_tilverton.tga
c_tinnir,c_tinnir.tga
c_tiry,c_tiry.tga
c_titan_peaks,c_titan_peaks.tga
c_toa,c_toa.tga
c_toaridge_at_the_suns_setting,c_toaridge_at_the_suns_setting.tga
c_tocpe,c_tocpe.tga
c_tokards_cross,c_tokards_cross.tga
c_tomai,c_tomai.tga
c_tomb_hills,c_tomb_hills.tga
c_toming,c_toming.tga
c_tomyris,c_tomyris.tga
c_tongchun,c_tongchun.tga
c_tonge,c_tonge.tga
c_tonli,c_tonli.tga
c_toraldur,c_toraldur.tga
c_torsch,c_torsch.tga
c_traaskl_thorog,c_traaskl_thorog.tga
c_trademeet,c_trademeet.tga
c_traders_road,c_traders_road.tga
c_trailstone,c_trailstone.tga
c_treacherous_isles,c_treacherous_isles.tga
c_treggi_jungle,c_treggi_jungle.tga
c_treshla,c_treshla.tga
c_triboar,c_triboar.tga
c_trielta_hills,c_trielta_hills.tga
c_trollbark_forest,c_trollbark_forest.tga
c_tsagang,c_tsagang.tga
c_tsan,c_tsan.tga
c_tsaparang,c_tsaparang.tga
c_tsetu,c_tsetu.tga
c_tshalkha,c_tshalkha.tga
c_tsurlagol,c_tsurlagol.tga
c_tuern,c_tuern.tga
c_tulbeghoth,c_tulbeghoth.tga
c_tulmene,c_tulmene.tga
c_tulmon,c_tulmon.tga
c_tuma,c_tuma.tga
c_tun,c_tun.tga
c_tungtairira,c_tungtairira.tga
c_turab,c_turab.tga
c_turelve,c_turelve.tga
c_turlangs_wood,c_turlangs_wood.tga
c_turmans,c_turmans.tga
c_turnback_mountain,c_turnback_mountain.tga
c_two_stars,c_two_stars.tga
c_tymanchebar,c_tymanchebar.tga
c_tyraturos,c_tyraturos.tga
c_ubar,c_ubar.tga
c_uchan,c_uchan.tga
c_ugewood,c_ugewood.tga
c_uhon_tsa,c_uhon_tsa.tga
c_uitoril,c_uitoril.tga
c_ulara,c_ulara.tga
c_ulark,c_ulark.tga
c_uldoon,c_uldoon.tga
c_ulguum,c_ulguum.tga
c_uluran,c_uluran.tga
c_uluvin,c_uluvin.tga
c_ulvarr,c_ulvarr.tga
c_ulzel,c_ulzel.tga
c_umara,c_umara.tga
c_umarah,c_umarah.tga
c_umbarra,c_umbarra.tga
c_umber_marsh,c_umber_marsh.tga
c_umberwood,c_umberwood.tga
c_umbral_murk,c_umbral_murk.tga
c_umbthal,c_umbthal.tga
c_umratharos,c_umratharos.tga
c_umukek,c_umukek.tga
c_underhome,c_underhome.tga
c_undraeth,c_undraeth.tga
c_ungaran,c_ungaran.tga
c_unicorn_run,c_unicorn_run.tga
c_unthalass,c_unthalass.tga
c_untrivven,c_untrivven.tga
c_uplands,c_uplands.tga
c_upper_ama,c_upper_ama.tga
c_upper_goldenflow,c_upper_goldenflow.tga
c_upper_khedrun,c_upper_khedrun.tga
c_upper_murghol,c_upper_murghol.tga
c_upper_nix,c_upper_nix.tga
c_upper_pass,c_upper_pass.tga
c_upper_reddan,c_upper_reddan.tga
c_upper_sempadan,c_upper_sempadan.tga
c_urlingwood,c_urlingwood.tga
c_urmlaspyr,c_urmlaspyr.tga
c_uruk,c_uruk.tga
c_urula,c_urula.tga
c_urve,c_urve.tga
c_ust_natha,c_ust_natha.tga
c_ustann_and_tuulish,c_ustann_and_tuulish.tga
c_usurr,c_usurr.tga
c_utaqa,c_utaqa.tga
c_uthangol,c_uthangol.tga
c_uthmere,c_uthmere.tga
c_utuerth,c_utuerth.tga
c_utui,c_utui.tga
c_uysos,c_uysos.tga
c_vaelan,c_vaelan.tga
c_valashar,c_valashar.tga
c_vale_of_clouds,c_vale_of_clouds.tga
c_vale_of_lost_voices,c_vale_of_lost_voices.tga
c_vale_of_the_reaver,c_vale_of_the_reaver.tga
c_valley_of_dread,c_valley_of_dread.tga
c_valley_of_embers,c_valley_of_embers.tga
c_valley_of_klaidson,c_valley_of_klaidson.tga
c_valley_of_lost_honor,c_valley_of_lost_honor.tga
c_valshada,c_valshada.tga
c_vanorva,c_vanorva.tga
c_vargath,c_vargath.tga
c_varshum,c_varshum.tga
c_varyth,c_varyth.tga
c_vast_swamp,c_vast_swamp.tga
c_vaults_of_record,c_vaults_of_record.tga
c_veilstone,c_veilstone.tga
c_vekkak,c_vekkak.tga
c_velandilmur,c_velandilmur.tga
c_velarswood,c_velarswood.tga
c_velprintalar,c_velprintalar.tga
c_velsit,c_velsit.tga
c_venasca,c_venasca.tga
c_venne,c_venne.tga
c_vercy_wood,c_vercy_wood.tga
c_verdigris,c_verdigris.tga
c_veshit,c_veshit.tga
c_vintal,c_vintal.tga
c_vintor,c_vintor.tga
c_volothamp,c_volothamp.tga
c_voonlar,c_voonlar.tga
c_vordrorn_forest,c_vordrorn_forest.tga
c_vral,c_vral.tga
c_vrandaks_grave,c_vrandaks_grave.tga
c_vuerthyl,c_vuerthyl.tga
c_vyridian_forest,c_vyridian_forest.tga
c_wahasha,c_wahasha.tga
c_wakrawa,c_wakrawa.tga
c_wang,c_wang.tga
c_wards_islands,c_wards_islands.tga
c_warfields,c_warfields.tga
c_warmshores,c_warmshores.tga
c_wasat,c_wasat.tga
c_watchers_cape,c_watchers_cape.tga
c_watchwall,c_watchwall.tga
c_waterdeep,c_waterdeep.tga
c_wave_rocks,c_wave_rocks.tga
c_wavecrest,c_wavecrest.tga
c_weathercote_wood,c_weathercote_wood.tga
c_weifei,c_weifei.tga
c_well_of_dragons,c_well_of_dragons.tga
c_wellspring_hills,c_wellspring_hills.tga
c_wertikak,c_wertikak.tga
c_west_lethyr,c_west_lethyr.tga
c_west_nanayok,c_west_nanayok.tga
c_west_rendai,c_west_rendai.tga
c_west_road,c_west_road.tga
c_west_tejarn,c_west_tejarn.tga
c_west_toadsquat,c_west_toadsquat.tga
c_westbay,c_westbay.tga
c_westfells,c_westfells.tga
c_westgate,c_westgate.tga
c_westgulth,c_westgulth.tga
c_westmark,c_westmark.tga
c_westphal,c_westphal.tga
c_westwood,c_westwood.tga
c_whalers_end,c_whalers_end.tga
c_whamite_isles,c_whamite_isles.tga
c_white_coast,c_white_coast.tga
c_white_ford,c_white_ford.tga
c_white_hills,c_white_hills.tga
c_whitehorn,c_whitehorn.tga
c_wide_cascades,c_wide_cascades.tga
c_widestep,c_widestep.tga
c_wild_hills,c_wild_hills.tga
c_wild_yak_meadows,c_wild_yak_meadows.tga
c_wildergroves,c_wildergroves.tga
c_wildstorm_vale,c_wildstorm_vale.tga
c_winding_river,c_winding_river.tga
c_windspear_hills,c_windspear_hills.tga
c_windswept_plain,c_windswept_plain.tga
c_wintercloak,c_wintercloak.tga
c_winterglen,c_winterglen.tga
c_winterkeep,c_winterkeep.tga
c_winters_edge,c_winters_edge.tga
c_wintersburn,c_wintersburn.tga
c_wolfwoods,c_wolfwoods.tga
c_womford,c_womford.tga
c_wood_of_flam,c_wood_of_flam.tga
c_wood_of_sharp_teeth,c_wood_of_sharp_teeth.tga
c_wrecking_coast,c_wrecking_coast.tga
c_wrights_ferry,c_wrights_ferry.tga
c_wyngate,c_wyngate.tga
c_wyrmdoom_crag,c_wyrmdoom_crag.tga
c_wyrms_tooth,c_wyrms_tooth.tga
c_wyvernwater,c_wyvernwater.tga
c_xair,c_xair.tga
c_xiltor,c_xiltor.tga
c_xirev,c_xirev.tga
c_xoraar,c_xoraar.tga
c_xorhun,c_xorhun.tga
c_xuheing,c_xuheing.tga
c_xul_jarak,c_xul_jarak.tga
c_yaks_horn,c_yaks_horn.tga
c_yallasch,c_yallasch.tga
c_yao_sai,c_yao_sai.tga
c_yarlhang_la,c_yarlhang_la.tga
c_yarrat,c_yarrat.tga
c_yartar,c_yartar.tga
c_yarthrain,c_yarthrain.tga
c_yaulazna,c_yaulazna.tga
c_yaunoroth,c_yaunoroth.tga
c_yegororyanen,c_yegororyanen.tga
c_yellow_serpent,c_yellow_serpent.tga
c_yenching,c_yenching.tga
c_yeshpek,c_yeshpek.tga
c_yhaunn,c_yhaunn.tga
c_yhep,c_yhep.tga
c_yidyn,c_yidyn.tga
c_yinazzil,c_yinazzil.tga
c_ylraphon,c_ylraphon.tga
c_yohun_fields,c_yohun_fields.tga
c_yorash,c_yorash.tga
c_yorduul,c_yorduul.tga
c_ysawis,c_ysawis.tga
c_yudol,c_yudol.tga
c_yuirwood,c_yuirwood.tga
c_yulash,c_yulash.tga
c_yumbu_shan,c_yumbu_shan.tga
c_zabad,c_zabad.tga
c_zabbasz,c_zabbasz.tga
c_zada,c_zada.tga
c_zamazda,c_zamazda.tga
c_zamsgrove,c_zamsgrove.tga
c_zanda_tholing,c_zanda_tholing.tga
c_zanhoriloch,c_zanhoriloch.tga
c_zanzazzar,c_zanzazzar.tga
c_zarif,c_zarif.tga
c_zayir,c_zayir.tga
c_zaym,c_zaym.tga
c_zaz_in_vintor,c_zaz_in_vintor.tga
c_zeibiley,c_zeibiley.tga
c_zelbross,c_zelbross.tga
c_zelpir,c_zelpir.tga
c_zendar,c_zendar.tga
c_zendum,c_zendum.tga
c_zhentil_keep,c_zhentil_keep.tga
c_zhoman,c_zhoman.tga
c_zill,c_zill.tga
c_zoahua,c_zoahua.tga
c_zoajing,c_zoajing.tga
c_zolum,c_zolum.tga
c_zoundar,c_zoundar.tga
c_zoy_zando,c_zoy_zando.tga
c_zundbridge,c_zundbridge.tga
c_zutria,c_zutria.tga
c_zuwaruk,c_zuwaruk.tga
c_zzuntal,c_zzuntal.tga
d_a_ling_shan,d_a_ling_shan.tga
d_abjuration,d_abjuration.tga
d_abjuration_exile,d_abjuration_exile.tga
d_abordabe,d_abordabe.tga
d_adaerglast,d_adaerglast.tga
d_adbar,d_adbar.tga
d_aefarn,d_aefarn.tga
d_affordable_outlaws,d_affordable_outlaws.tga
d_agis,d_agis.tga
d_aglarond,d_aglarond.tga
d_aingst,d_aingst.tga
d_ajayib,d_ajayib.tga
d_akanax,d_akanax.tga
d_akota,d_akota.tga
d_al_asirr,d_al_asirr.tga
d_al_tarik_islands,d_al_tarik_islands.tga
d_al_zalim,d_al_zalim.tga
d_alaghon,d_alaghon.tga
d_alamber_grasp,d_alamber_grasp.tga
d_alamin,d_alamin.tga
d_alamir,d_alamir.tga
d_alaoreum,d_alaoreum.tga
d_alpuk,d_alpuk.tga
d_altumbel,d_altumbel.tga
d_ammarindar,d_ammarindar.tga
d_ammathtar,d_ammathtar.tga
d_anaconda,d_anaconda.tga
d_anauria,d_anauria.tga
d_angalpuk,d_angalpuk.tga
d_ankaram,d_ankaram.tga
d_ankheg_tribe,d_ankheg_tribe.tga
d_ansi,d_ansi.tga
d_aphrunn,d_aphrunn.tga
d_arabellan_march,d_arabellan_march.tga
d_arakin,d_arakin.tga
d_arcata,d_arcata.tga
d_archendale,d_archendale.tga
d_ardeep,d_ardeep.tga
d_ardulith_vale,d_ardulith_vale.tga
d_army_of_lion,d_army_of_lion.tga
d_arnaden,d_arnaden.tga
d_arundi,d_arundi.tga
d_asanibis,d_asanibis.tga
d_asavirs_channel,d_asavirs_channel.tga
d_ashanath,d_ashanath.tga
d_asram,d_asram.tga
d_backlands,d_backlands.tga
d_badu_al_kabir,d_badu_al_kabir.tga
d_bahamut,d_bahamut.tga
d_bahr_al_dahlil,d_bahr_al_dahlil.tga
d_bakar,d_bakar.tga
d_baldurs_gate,d_baldurs_gate.tga
d_bandit_wastes,d_bandit_wastes.tga
d_bannerless_legion,d_bannerless_legion.tga
d_barbarian_marches,d_barbarian_marches.tga
d_batiriland,d_batiriland.tga
d_battledale,d_battledale.tga
d_bay_of_kings,d_bay_of_kings.tga
d_baygandu,d_baygandu.tga
d_beastlands,d_beastlands.tga
d_belprin,d_belprin.tga
d_beowood,d_beowood.tga
d_berdusk,d_berdusk.tga
d_black_blood_tribe,d_black_blood_tribe.tga
d_black_boar,d_black_boar.tga
d_black_lion,d_black_lion.tga
d_black_raven,d_black_raven.tga
d_black_watch,d_black_watch.tga
d_blackfeather_barrens,d_blackfeather_barrens.tga
d_blacktalons_mercenary_company,d_blacktalons_mercenary_company.tga
d_blackwilds,d_blackwilds.tga
d_blades_of_uthgar,d_blades_of_uthgar.tga
d_blood_money_band,d_blood_money_band.tga
d_bloodaxe_mercenary_company,d_bloodaxe_mercenary_company.tga
d_bloodlake,d_bloodlake.tga
d_bloodstone,d_bloodstone.tga
d_blue_bear,d_blue_bear.tga
d_blue_sigil,d_blue_sigil.tga
d_boareskyr,d_boareskyr.tga
d_bold_blades_of_berdusk,d_bold_blades_of_berdusk.tga
d_border_forest,d_border_forest.tga
d_bradamin,d_bradamin.tga
d_brandiar,d_brandiar.tga
d_bregan_daerthe,d_bregan_daerthe.tga
d_bregenduth,d_bregenduth.tga
d_brightstar_coast,d_brightstar_coast.tga
d_broken_arrow,d_broken_arrow.tga
d_bronze_falcon,d_bronze_falcon.tga
d_bull_elk,d_bull_elk.tga
d_burning_lands,d_burning_lands.tga
d_burning_plains,d_burning_plains.tga
d_bushido,d_bushido.tga
d_calandor,d_calandor.tga
d_calimshan,d_calimshan.tga
d_callidyrr,d_callidyrr.tga
d_cape_velen,d_cape_velen.tga
d_carmathan,d_carmathan.tga
d_cathyr,d_cathyr.tga
d_chaikou,d_chaikou.tga
d_chama,d_chama.tga
d_channath_vale,d_channath_vale.tga
d_chao_yang,d_chao_yang.tga
d_cheetah_tribe,d_cheetah_tribe.tga
d_chelimber,d_chelimber.tga
d_chengi,d_chengi.tga
d_chessenta,d_chessenta.tga
d_chieftains_in_gold,d_chieftains_in_gold.tga
d_chif,d_chif.tga
d_chigidi,d_chigidi.tga
d_chiglogi,d_chiglogi.tga
d_chill,d_chill.tga
d_chondalwood,d_chondalwood.tga
d_chondamarch,d_chondamarch.tga
d_chult,d_chult.tga
d_cimarine_isles,d_cimarine_isles.tga
d_cimbar,d_cimbar.tga
d_citadel_of_assassins,d_citadel_of_assassins.tga
d_clan_hammerhand,d_clan_hammerhand.tga
d_claw,d_claw.tga
d_cloakwood,d_cloakwood.tga
d_cloud_peaks,d_cloud_peaks.tga
d_code_helm,d_code_helm.tga
d_coffee_coast,d_coffee_coast.tga
d_cold_run,d_cold_run.tga
d_company_of_hunnar,d_company_of_hunnar.tga
d_company_of_the_cane,d_company_of_the_cane.tga
d_company_of_the_ebon_spur,d_company_of_the_ebon_spur.tga
d_company_of_the_singing_dawn,d_company_of_the_singing_dawn.tga
d_company_of_the_wolf,d_company_of_the_wolf.tga
d_conjuration,d_conjuration.tga
d_conjuration_exile,d_conjuration_exile.tga
d_copper_cities,d_copper_cities.tga
d_cormanthor,d_cormanthor.tga
d_cormyte_coast,d_cormyte_coast.tga
d_cortryn,d_cortryn.tga
d_corwell,d_corwell.tga
d_council_hills,d_council_hills.tga
d_creel,d_creel.tga
d_crown_lands,d_crown_lands.tga
d_cult_of_gilgeam,d_cult_of_gilgeam.tga
d_cult_of_ragarra,d_cult_of_ragarra.tga
d_cult_of_shajar,d_cult_of_shajar.tga
d_cult_of_tiamat,d_cult_of_tiamat.tga
d_dag_nost,d_dag_nost.tga
d_daggerdale,d_daggerdale.tga
d_daggerford,d_daggerford.tga
d_daggers_of_truth,d_daggers_of_truth.tga
d_dagranost,d_dagranost.tga
d_darazand,d_darazand.tga
d_dardath,d_dardath.tga
d_dareth,d_dareth.tga
d_dark_watch,d_dark_watch.tga
d_darkhope,d_darkhope.tga
d_darksong_knights,d_darksong_knights.tga
d_dauntless_mamluk_society,d_dauntless_mamluk_society.tga
d_deep_cormanthor,d_deep_cormanthor.tga
d_deep_glade,d_deep_glade.tga
d_deep_imaskar,d_deep_imaskar.tga
d_deep_realm,d_deep_realm.tga
d_deepingdale,d_deepingdale.tga
d_deepwash,d_deepwash.tga
d_defenders_mamluk_society,d_defenders_mamluk_society.tga
d_delhumide,d_delhumide.tga
d_delimbiyr_vale,d_delimbiyr_vale.tga
d_delimbiyran,d_delimbiyran.tga
d_delzimmer,d_delzimmer.tga
d_dervishes,d_dervishes.tga
d_desert_wind,d_desert_wind.tga
d_deserts_virtues,d_deserts_virtues.tga
d_desertsedge,d_desertsedge.tga
d_desertsmouth,d_desertsmouth.tga
d_desolate_coast,d_desolate_coast.tga
d_dessarin_vale,d_dessarin_vale.tga
d_destroyers,d_destroyers.tga
d_devoted_mamluk_society,d_devoted_mamluk_society.tga
d_devout_mamluk_society,d_devout_mamluk_society.tga
d_dihliz,d_dihliz.tga
d_diligent_mamluk_society,d_diligent_mamluk_society.tga
d_divination,d_divination.tga
d_divination_exile,d_divination_exile.tga
d_djerad_kusold,d_djerad_kusold.tga
d_doegan,d_doegan.tga
d_dragon_reach,d_dragon_reach.tga
d_dragonmen,d_dragonmen.tga
d_dragonmere,d_dragonmere.tga
d_dragons_back,d_dragons_back.tga
d_dragons_heartlands,d_dragons_heartlands.tga
d_dragonspear,d_dragonspear.tga
d_draknor,d_draknor.tga
d_dunspeirrin,d_dunspeirrin.tga
d_dunthelar,d_dunthelar.tga
d_dunwood,d_dunwood.tga
d_durmista,d_durmista.tga
d_dusk,d_dusk.tga
d_dusk_circle,d_dusk_circle.tga
d_dusthoof,d_dusthoof.tga
d_dustlands,d_dustlands.tga
d_dustwall,d_dustwall.tga
d_dutiful_mamluk_society,d_dutiful_mamluk_society.tga
d_eaerlann,d_eaerlann.tga
d_eagle_tribe,d_eagle_tribe.tga
d_earthfast,d_earthfast.tga
d_earthmother_reformed,d_earthmother_reformed.tga
d_east_amtar,d_east_amtar.tga
d_east_reaches,d_east_reaches.tga
d_east_taan,d_east_taan.tga
d_eastern_high_desert,d_eastern_high_desert.tga
d_eastern_isles,d_eastern_isles.tga
d_eastern_marches,d_eastern_marches.tga
d_eastern_reghed,d_eastern_reghed.tga
d_eastern_turlaghh,d_eastern_turlaghh.tga
d_easting_coast,d_easting_coast.tga
d_eastings,d_eastings.tga
d_eastshore,d_eastshore.tga
d_ebenfar,d_ebenfar.tga
d_ebonbrand,d_ebonbrand.tga
d_edenvale,d_edenvale.tga
d_ejen_horo,d_ejen_horo.tga
d_elder_brains,d_elder_brains.tga
d_elestam,d_elestam.tga
d_elk,d_elk.tga
d_elkannath_valley,d_elkannath_valley.tga
d_eltabbar,d_eltabbar.tga
d_elturgard,d_elturgard.tga
d_elven_court,d_elven_court.tga
d_emerald_brotherhood,d_emerald_brotherhood.tga
d_emerald_grove,d_emerald_grove.tga
d_enchantment,d_enchantment.tga
d_enchantment_exile,d_enchantment_exile.tga
d_enclave,d_enclave.tga
d_endless_ice_sea,d_endless_ice_sea.tga
d_endrara,d_endrara.tga
d_enforcers,d_enforcers.tga
d_enlightened_ring,d_enlightened_ring.tga
d_enzo,d_enzo.tga
d_erech,d_erech.tga
d_eryndlyn,d_eryndlyn.tga
d_eshpurta,d_eshpurta.tga
d_esmel,d_esmel.tga
d_esmur,d_esmur.tga
d_estagund,d_estagund.tga
d_evereska,d_evereska.tga
d_everlund,d_everlund.tga
d_evocation,d_evocation.tga
d_evocation_exile,d_evocation_exile.tga
d_exalted_mamluk_society,d_exalted_mamluk_society.tga
d_eye_of_the_gods,d_eye_of_the_gods.tga
d_eyes_of_silvanus,d_eyes_of_silvanus.tga
d_fabada,d_fabada.tga
d_faelorin,d_faelorin.tga
d_faithful_mamluk_society,d_faithful_mamluk_society.tga
d_fallen_justice,d_fallen_justice.tga
d_fallen_lands,d_fallen_lands.tga
d_far_hills,d_far_hills.tga
d_far_quey,d_far_quey.tga
d_farwater,d_farwater.tga
d_featherdale,d_featherdale.tga
d_fellowship_of_the_moon,d_fellowship_of_the_moon.tga
d_fellowship_of_the_white_owl,d_fellowship_of_the_white_owl.tga
d_fenlis,d_fenlis.tga
d_fields_of_nun,d_fields_of_nun.tga
d_fields_of_slaughter,d_fields_of_slaughter.tga
d_fields_of_storms,d_fields_of_storms.tga
d_fields_of_the_dead,d_fields_of_the_dead.tga
d_fiends_wing,d_fiends_wing.tga
d_fighting_cocks,d_fighting_cocks.tga
d_fimbrul,d_fimbrul.tga
d_fireforges,d_fireforges.tga
d_firepeaks,d_firepeaks.tga
d_firesteap,d_firesteap.tga
d_firetrees,d_firetrees.tga
d_flaming_fist,d_flaming_fist.tga
d_flamsterd,d_flamsterd.tga
d_flash_of_the_dragon,d_flash_of_the_dragon.tga
d_flatshield,d_flatshield.tga
d_forest_of_lethyr,d_forest_of_lethyr.tga
d_forlorn_field_army,d_forlorn_field_army.tga
d_frozen_sea,d_frozen_sea.tga
d_fuirgar,d_fuirgar.tga
d_fukiow,d_fukiow.tga
d_furitep,d_furitep.tga
d_galena_mountains,d_galena_mountains.tga
d_galuil,d_galuil.tga
d_gana,d_gana.tga
d_ganath,d_ganath.tga
d_gauntlet,d_gauntlet.tga
d_gauntlgrym,d_gauntlgrym.tga
d_gauros,d_gauros.tga
d_geomancy,d_geomancy.tga
d_ghost_leopard,d_ghost_leopard.tga
d_giants_plain,d_giants_plain.tga
d_giantspires,d_giantspires.tga
d_glacier_run,d_glacier_run.tga
d_glaur_barrens,d_glaur_barrens.tga
d_glaur_fields,d_glaur_fields.tga
d_glimmerwood,d_glimmerwood.tga
d_glorea,d_glorea.tga
d_gnarhelm,d_gnarhelm.tga
d_goblin_marches,d_goblin_marches.tga
d_goblin_reformed,d_goblin_reformed.tga
d_golden_blades,d_golden_blades.tga
d_golden_eagle,d_golden_eagle.tga
d_golden_gulf,d_golden_gulf.tga
d_golden_legion,d_golden_legion.tga
d_golden_marches,d_golden_marches.tga
d_golden_plains,d_golden_plains.tga
d_gontal,d_gontal.tga
d_grand_cabal,d_grand_cabal.tga
d_grandlesh,d_grandlesh.tga
d_gray_wolf,d_gray_wolf.tga
d_great_anvil,d_great_anvil.tga
d_great_dale,d_great_dale.tga
d_great_oak,d_great_oak.tga
d_great_worm,d_great_worm.tga
d_green_fields,d_green_fields.tga
d_greenfields,d_greenfields.tga
d_grey_ghosts,d_grey_ghosts.tga
d_grey_jungle,d_grey_jungle.tga
d_greypeaks,d_greypeaks.tga
d_greyvale,d_greyvale.tga
d_griffon,d_griffon.tga
d_griffon_legion,d_griffon_legion.tga
d_grimmantle,d_grimmantle.tga
d_guardians_of_daggerford,d_guardians_of_daggerford.tga
d_gubol_plains,d_gubol_plains.tga
d_gulthmere_forest,d_gulthmere_forest.tga
d_hagga_shan,d_hagga_shan.tga
d_halar,d_halar.tga
d_halondar,d_halondar.tga
d_halruaa,d_halruaa.tga
d_halwa,d_halwa.tga
d_hand_behind_the_mirror,d_hand_behind_the_mirror.tga
d_handmaidens_of_the_spider_queen,d_handmaidens_of_the_spider_queen.tga
d_hanya_maut,d_hanya_maut.tga
d_harb,d_harb.tga
d_hargleth,d_hargleth.tga
d_harheldur,d_harheldur.tga
d_harpshield,d_harpshield.tga
d_harrowdale,d_harrowdale.tga
d_harthgroth,d_harthgroth.tga
d_hartsvale,d_hartsvale.tga
d_haunghdannar,d_haunghdannar.tga
d_havraquoar,d_havraquoar.tga
d_heartseekers,d_heartseekers.tga
d_herath,d_herath.tga
d_heroes_of_the_realm,d_heroes_of_the_realm.tga
d_high_alaur,d_high_alaur.tga
d_high_country,d_high_country.tga
d_high_dale,d_high_dale.tga
d_high_ice,d_high_ice.tga
d_high_meadows,d_high_meadows.tga
d_high_moor,d_high_moor.tga
d_high_terrace,d_high_terrace.tga
d_high_thay,d_high_thay.tga
d_high_unther,d_high_unther.tga
d_highreach,d_highreach.tga
d_highridden,d_highridden.tga
d_hillsfar,d_hillsfar.tga
d_hilm,d_hilm.tga
d_hiyal,d_hiyal.tga
d_hlondath,d_hlondath.tga
d_hlondeth,d_hlondeth.tga
d_honored_mamluk_society,d_honored_mamluk_society.tga
d_horns_of_winter,d_horns_of_winter.tga
d_horseheights,d_horseheights.tga
d_howling_mountains,d_howling_mountains.tga
d_hungste,d_hungste.tga
d_hunnabar,d_hunnabar.tga
d_huzuz,d_huzuz.tga
d_hyena_tribe,d_hyena_tribe.tga
d_ibelgrak,d_ibelgrak.tga
d_ice_islands,d_ice_islands.tga
d_icemaw,d_icemaw.tga
d_igotak,d_igotak.tga
d_ikemmu,d_ikemmu.tga
d_illusion,d_illusion.tga
d_illusion_exile,d_illusion_exile.tga
d_iltifat,d_iltifat.tga
d_iltkazar,d_iltkazar.tga
d_imaski,d_imaski.tga
d_immil_vale,d_immil_vale.tga
d_imperial_arrows,d_imperial_arrows.tga
d_imperishable_mamluk_society,d_imperishable_mamluk_society.tga
d_imristar,d_imristar.tga
d_information,d_information.tga
d_inner_ama,d_inner_ama.tga
d_iriaebor,d_iriaebor.tga
d_iron_house,d_iron_house.tga
d_iron_throne,d_iron_throne.tga
d_ironfang_deep,d_ironfang_deep.tga
d_ironslag,d_ironslag.tga
d_ironstar,d_ironstar.tga
d_ishamar_coast,d_ishamar_coast.tga
d_island_of_firethorns,d_island_of_firethorns.tga
d_island_of_gardens,d_island_of_gardens.tga
d_ithmongar,d_ithmongar.tga
d_itiraf,d_itiraf.tga
d_jaguar_guard,d_jaguar_guard.tga
d_jastaath,d_jastaath.tga
d_jaziri_reformed,d_jaziri_reformed.tga
d_jumlat,d_jumlat.tga
d_kadan,d_kadan.tga
d_kadarasto,d_kadarasto.tga
d_kai_shan,d_kai_shan.tga
d_kamlann,d_kamlann.tga
d_katakoro_shan,d_katakoro_shan.tga
d_keltar,d_keltar.tga
d_kelvins_cairn,d_kelvins_cairn.tga
d_kesasar,d_kesasar.tga
d_kharuul,d_kharuul.tga
d_khazari,d_khazari.tga
d_kheldruni,d_kheldruni.tga
d_khongaa,d_khongaa.tga
d_khuiten_gazar,d_khuiten_gazar.tga
d_kilap,d_kilap.tga
d_kinfields,d_kinfields.tga
d_klarthlurr,d_klarthlurr.tga
d_knights_fentan,d_knights_fentan.tga
d_knights_of_blue_moon,d_knights_of_blue_moon.tga
d_knights_of_samular,d_knights_of_samular.tga
d_knights_of_the_everlasting_dragon,d_knights_of_the_everlasting_dragon.tga
d_knights_of_the_unicorn,d_knights_of_the_unicorn.tga
d_kobold_mountains,d_kobold_mountains.tga
d_konigheim,d_konigheim.tga
d_kora_shan,d_kora_shan.tga
d_korinn,d_korinn.tga
d_koryaz_approach,d_koryaz_approach.tga
d_kothask,d_kothask.tga
d_kryptgarden_forest,d_kryptgarden_forest.tga
d_kuan,d_kuan.tga
d_kuldahar_pass,d_kuldahar_pass.tga
d_kun_yen,d_kun_yen.tga
d_kuo_meilan,d_kuo_meilan.tga
d_kushk,d_kushk.tga
d_kuwung,d_kuwung.tga
d_laletaker,d_laletaker.tga
d_lands_against_the_wall,d_lands_against_the_wall.tga
d_lands_under_the_ice,d_lands_under_the_ice.tga
d_langdarma,d_langdarma.tga
d_lantan,d_lantan.tga
d_lapalsea,d_lapalsea.tga
d_lapalshore,d_lapalshore.tga
d_lapendrar,d_lapendrar.tga
d_larang,d_larang.tga
d_leilon,d_leilon.tga
d_leopard_pass,d_leopard_pass.tga
d_lesser_isles,d_lesser_isles.tga
d_lhespen,d_lhespen.tga
d_lion_tribe,d_lion_tribe.tga
d_little_rocks,d_little_rocks.tga
d_little_turtles,d_little_turtles.tga
d_llandrydds_steel,d_llandrydds_steel.tga
d_llast,d_llast.tga
d_llurth_dreier,d_llurth_dreier.tga
d_long_death,d_long_death.tga
d_longbolts,d_longbolts.tga
d_longfang,d_longfang.tga
d_lopango,d_lopango.tga
d_lords_of_war,d_lords_of_war.tga
d_lost_coast,d_lost_coast.tga
d_low_lands,d_low_lands.tga
d_lower_tabot,d_lower_tabot.tga
d_lower_tathtar,d_lower_tathtar.tga
d_lower_tier,d_lower_tier.tga
d_lower_yikaria,d_lower_yikaria.tga
d_luenath,d_luenath.tga
d_lugsaas_alpuk,d_lugsaas_alpuk.tga
d_luiren,d_luiren.tga
d_luirenstrand,d_luirenstrand.tga
d_luo,d_luo.tga
d_luskan,d_luskan.tga
d_luthcheq,d_luthcheq.tga
d_lylorn,d_lylorn.tga
d_lyra,d_lyra.tga
d_maerch,d_maerch.tga
d_maeru,d_maeru.tga
d_maerwatch,d_maerwatch.tga
d_mage_hunters,d_mage_hunters.tga
d_magharibi_isles,d_magharibi_isles.tga
d_magis_mir,d_magis_mir.tga
d_magister,d_magister.tga
d_mahabba,d_mahabba.tga
d_malatath,d_malatath.tga
d_man_eaters,d_man_eaters.tga
d_marangor,d_marangor.tga
d_marsember,d_marsember.tga
d_mashariki,d_mashariki.tga
d_masquerade,d_masquerade.tga
d_mazbar,d_mazbar.tga
d_medina,d_medina.tga
d_medina_akota,d_medina_akota.tga
d_medusas_eyes,d_medusas_eyes.tga
d_mekebat,d_mekebat.tga
d_melial,d_melial.tga
d_menesankh,d_menesankh.tga
d_menzoberranzan,d_menzoberranzan.tga
d_mercenaries_guild_of_westgate,d_mercenaries_guild_of_westgate.tga
d_merket,d_merket.tga
d_meth_marches,d_meth_marches.tga
d_mezro,d_mezro.tga
d_mhair_reach,d_mhair_reach.tga
d_mighty_mamluk_society,d_mighty_mamluk_society.tga
d_mina,d_mina.tga
d_mindulgulph_mercenary_company,d_mindulgulph_mercenary_company.tga
d_minsorran,d_minsorran.tga
d_mintarn,d_mintarn.tga
d_mirabar,d_mirabar.tga
d_mirkazar,d_mirkazar.tga
d_mistledale,d_mistledale.tga
d_mistvales,d_mistvales.tga
d_misty_forest,d_misty_forest.tga
d_mistymarch,d_mistymarch.tga
d_mithral_hall,d_mithral_hall.tga
d_moondale,d_moondale.tga
d_moonlight_men,d_moonlight_men.tga
d_moonsea,d_moonsea.tga
d_moonsea_north,d_moonsea_north.tga
d_moray,d_moray.tga
d_mordulkin,d_mordulkin.tga
d_morndivver,d_morndivver.tga
d_moroky,d_moroky.tga
d_muaroghal,d_muaroghal.tga
d_muhjari,d_muhjari.tga
d_mukshar,d_mukshar.tga
d_mulmaster,d_mulmaster.tga
d_mulmaster_beholder_corps,d_mulmaster_beholder_corps.tga
d_munli,d_munli.tga
d_murghol,d_murghol.tga
d_murghom,d_murghom.tga
d_myir,d_myir.tga
d_myriadic,d_myriadic.tga
d_myrloch,d_myrloch.tga
d_nachtur,d_nachtur.tga
d_nada_al_hazan,d_nada_al_hazan.tga
d_naelors_banner,d_naelors_banner.tga
d_nagarr,d_nagarr.tga
d_najara,d_najara.tga
d_nakvaligach,d_nakvaligach.tga
d_narfell,d_narfell.tga
d_narubel,d_narubel.tga
d_nathlan,d_nathlan.tga
d_necromancy,d_necromancy.tga
d_necromancy_exile,d_necromancy_exile.tga
d_neidlig,d_neidlig.tga
d_nelanther_isles,d_nelanther_isles.tga
d_nemoree,d_nemoree.tga
d_nether_mountains,d_nether_mountains.tga
d_nethertide_horde,d_nethertide_horde.tga
d_neverwinter,d_neverwinter.tga
d_neverwinter_wood,d_neverwinter_wood.tga
d_new_blood,d_new_blood.tga
d_nimbral,d_nimbral.tga
d_nogari_reformed,d_nogari_reformed.tga
d_nordland,d_nordland.tga
d_norheim_marauders,d_norheim_marauders.tga
d_noromath,d_noromath.tga
d_north_country,d_north_country.tga
d_north_moonshae,d_north_moonshae.tga
d_northern_duskshore,d_northern_duskshore.tga
d_northern_ride,d_northern_ride.tga
d_northern_wastes,d_northern_wastes.tga
d_northgroves,d_northgroves.tga
d_northing,d_northing.tga
d_northluir,d_northluir.tga
d_northshaar,d_northshaar.tga
d_novularond,d_novularond.tga
d_nsi_warriors,d_nsi_warriors.tga
d_nyanzaru,d_nyanzaru.tga
d_nykkar,d_nykkar.tga
d_ogtiir,d_ogtiir.tga
d_okoth,d_okoth.tga
d_old_calim,d_old_calim.tga
d_old_delzoun,d_old_delzoun.tga
d_old_durpar,d_old_durpar.tga
d_old_legion,d_old_legion.tga
d_old_raum,d_old_raum.tga
d_old_reach,d_old_reach.tga
d_omans_isle,d_omans_isle.tga
d_omgrush,d_omgrush.tga
d_omnod_kheer,d_omnod_kheer.tga
d_omu,d_omu.tga
d_open_marches,d_open_marches.tga
d_oraundil,d_oraundil.tga
d_orc_reformed,d_orc_reformed.tga
d_order_of_the_aster,d_order_of_the_aster.tga
d_order_of_the_blue_boar,d_order_of_the_blue_boar.tga
d_order_of_the_burning_dawn,d_order_of_the_burning_dawn.tga
d_order_of_the_calming_wave,d_order_of_the_calming_wave.tga
d_order_of_the_gauntlet,d_order_of_the_gauntlet.tga
d_order_of_the_gilded_eye,d_order_of_the_gilded_eye.tga
d_order_of_the_pure_flame,d_order_of_the_pure_flame.tga
d_order_of_the_sapphire_crescent,d_order_of_the_sapphire_crescent.tga
d_order_of_the_silver_lance,d_order_of_the_silver_lance.tga
d_ormath,d_ormath.tga
d_ormpetarr,d_ormpetarr.tga
d_ostraland,d_ostraland.tga
d_out_domains,d_out_domains.tga
d_out_islands,d_out_islands.tga
d_outer_chukei,d_outer_chukei.tga
d_outer_plains,d_outer_plains.tga
d_outland,d_outland.tga
d_outspur,d_outspur.tga
d_padhran,d_padhran.tga
d_pale_giants,d_pale_giants.tga
d_panjang,d_panjang.tga
d_panka,d_panka.tga
d_pantheist,d_pantheist.tga
d_parched_mamluk_society,d_parched_mamluk_society.tga
d_parsanic,d_parsanic.tga
d_pasar,d_pasar.tga
d_pegasus_archery_company,d_pegasus_archery_company.tga
d_pelmarin,d_pelmarin.tga
d_phandelver,d_phandelver.tga
d_phelzol,d_phelzol.tga
d_phlan,d_phlan.tga
d_phutan,d_phutan.tga
d_pirate_hunters,d_pirate_hunters.tga
d_pirate_isles,d_pirate_isles.tga
d_plains_of_purple_dust,d_plains_of_purple_dust.tga
d_plainstrider,d_plainstrider.tga
d_priesthood_of_gilgeam,d_priesthood_of_gilgeam.tga
d_priesthood_of_horus,d_priesthood_of_horus.tga
d_priesthood_of_ishtar,d_priesthood_of_ishtar.tga
d_promenade_of_the_dark_maiden,d_promenade_of_the_dark_maiden.tga
d_purple_dragons,d_purple_dragons.tga
d_purple_flame,d_purple_flame.tga
d_purple_marches,d_purple_marches.tga
d_pyarados,d_pyarados.tga
d_qadib,d_qadib.tga
d_qarlondrar,d_qarlondrar.tga
d_qisma,d_qisma.tga
d_qotal_reformed,d_qotal_reformed.tga
d_qudra,d_qudra.tga
d_quencesta,d_quencesta.tga
d_quima,d_quima.tga
d_quoya,d_quoya.tga
d_ra_khati,d_ra_khati.tga
d_ragnor,d_ragnor.tga
d_rashemen,d_rashemen.tga
d_raskuldin,d_raskuldin.tga
d_rathgaunt,d_rathgaunt.tga
d_raumvi,d_raumvi.tga
d_rauth,d_rauth.tga
d_rawlinswood,d_rawlinswood.tga
d_reaching_wood,d_reaching_wood.tga
d_realm_of_chaos,d_realm_of_chaos.tga
d_realm_of_fire,d_realm_of_fire.tga
d_realm_of_lands,d_realm_of_lands.tga
d_realm_of_tides,d_realm_of_tides.tga
d_red_brigade,d_red_brigade.tga
d_red_flayers,d_red_flayers.tga
d_red_goat,d_red_goat.tga
d_red_plumes_of_hillsfar,d_red_plumes_of_hillsfar.tga
d_red_pony,d_red_pony.tga
d_red_rain,d_red_rain.tga
d_red_ravens,d_red_ravens.tga
d_red_rising,d_red_rising.tga
d_red_shields,d_red_shields.tga
d_red_spears,d_red_spears.tga
d_red_thunder_mercenary_corps,d_red_thunder_mercenary_corps.tga
d_red_tiger,d_red_tiger.tga
d_reghed_bear,d_reghed_bear.tga
d_reghed_caribou,d_reghed_caribou.tga
d_reghed_elk,d_reghed_elk.tga
d_reghed_goat,d_reghed_goat.tga
d_reghed_owl,d_reghed_owl.tga
d_reghed_raging_bear,d_reghed_raging_bear.tga
d_reghed_seal,d_reghed_seal.tga
d_reghed_tiger,d_reghed_tiger.tga
d_reghed_whale,d_reghed_whale.tga
d_reghed_white_bear,d_reghed_white_bear.tga
d_reghed_wolf,d_reghed_wolf.tga
d_relmaur,d_relmaur.tga
d_rendai,d_rendai.tga
d_renegades,d_renegades.tga
d_respected_mamluk_society,d_respected_mamluk_society.tga
d_rhinoceros_tribe,d_rhinoceros_tribe.tga
d_riders_of_nesme,d_riders_of_nesme.tga
d_ring_of_eyes,d_ring_of_eyes.tga
d_riverlands,d_riverlands.tga
d_rogosto,d_rogosto.tga
d_roof_of_the_world,d_roof_of_the_world.tga
d_rorns_rest,d_rorns_rest.tga
d_roselucks,d_roselucks.tga
d_royal_corsairs,d_royal_corsairs.tga
d_ruathym,d_ruathym.tga
d_ruby_blades,d_ruby_blades.tga
d_ruby_rose,d_ruby_rose.tga
d_ruin_island,d_ruin_island.tga
d_runedardath,d_runedardath.tga
d_rust_pirates,d_rust_pirates.tga
d_sabakar,d_sabakar.tga
d_sacred_shrike,d_sacred_shrike.tga
d_sacred_skull,d_sacred_skull.tga
d_saekolath,d_saekolath.tga
d_sahu,d_sahu.tga
d_sailors_of_the_crimson_sea,d_sailors_of_the_crimson_sea.tga
d_salamander_army,d_salamander_army.tga
d_salamandra,d_salamandra.tga
d_salamin,d_salamin.tga
d_salbayan,d_salbayan.tga
d_salju_shan,d_salju_shan.tga
d_saltstone,d_saltstone.tga
d_samar,d_samar.tga
d_sammarths_sword,d_sammarths_sword.tga
d_sand_kings,d_sand_kings.tga
d_sanrach,d_sanrach.tga
d_sarenestar,d_sarenestar.tga
d_satyrwood,d_satyrwood.tga
d_scardale,d_scardale.tga
d_scarlet_scourge,d_scarlet_scourge.tga
d_scathril,d_scathril.tga
d_scelptarvale,d_scelptarvale.tga
d_scornubel,d_scornubel.tga
d_scoured_legion,d_scoured_legion.tga
d_sea_glades,d_sea_glades.tga
d_sebakar,d_sebakar.tga
d_segara,d_segara.tga
d_selatan,d_selatan.tga
d_semberholme,d_semberholme.tga
d_sembia,d_sembia.tga
d_sempadan,d_sempadan.tga
d_sempharin,d_sempharin.tga
d_servants_of_the_royal_egg,d_servants_of_the_royal_egg.tga
d_sespech_reach,d_sespech_reach.tga
d_sessrendale,d_sessrendale.tga
d_shaareach,d_shaareach.tga
d_shaarstep,d_shaarstep.tga
d_shadowdale,d_shadowdale.tga
d_shaeles_shields,d_shaeles_shields.tga
d_shalhoond,d_shalhoond.tga
d_shali,d_shali.tga
d_shandaular,d_shandaular.tga
d_shandolphyns_reach,d_shandolphyns_reach.tga
d_shar,d_shar.tga
d_shard,d_shard.tga
d_sharrven,d_sharrven.tga
d_she_wolves,d_she_wolves.tga
d_sheeland,d_sheeland.tga
d_shieldbreakers,d_shieldbreakers.tga
d_shilmista,d_shilmista.tga
d_shinantra,d_shinantra.tga
d_shining_coast,d_shining_coast.tga
d_shining_crusade,d_shining_crusade.tga
d_shining_isles,d_shining_isles.tga
d_shining_ones,d_shining_ones.tga
d_shining_plains,d_shining_plains.tga
d_shining_steel_mercenary_company,d_shining_steel_mercenary_company.tga
d_ship_of_the_gods,d_ship_of_the_gods.tga
d_sikak,d_sikak.tga
d_silent_rain,d_silent_rain.tga
d_siluvanede,d_siluvanede.tga
d_silver_blades,d_silver_blades.tga
d_silverymoon,d_silverymoon.tga
d_siremun,d_siremun.tga
d_sirocco,d_sirocco.tga
d_sisterhood_of_the_oaks,d_sisterhood_of_the_oaks.tga
d_skeletal_finger,d_skeletal_finger.tga
d_skelkor_crescent,d_skelkor_crescent.tga
d_sky_pony,d_sky_pony.tga
d_slave_revolt,d_slave_revolt.tga
d_snowdown,d_snowdown.tga
d_snowstriders,d_snowstriders.tga
d_society_of_the_sword,d_society_of_the_sword.tga
d_soft_claws,d_soft_claws.tga
d_solon,d_solon.tga
d_soravia,d_soravia.tga
d_sossal,d_sossal.tga
d_souls_of_the_sun,d_souls_of_the_sun.tga
d_southcharts,d_southcharts.tga
d_southern_beacons,d_southern_beacons.tga
d_southern_duskshore,d_southern_duskshore.tga
d_spine_of_the_world,d_spine_of_the_world.tga
d_springdales,d_springdales.tga
d_starmantle,d_starmantle.tga
d_starspire,d_starspire.tga
d_stirgewick,d_stirgewick.tga
d_storm_horns,d_storm_horns.tga
d_stormhelm,d_stormhelm.tga
d_strikes,d_strikes.tga
d_studious_mamluk_society,d_studious_mamluk_society.tga
d_suj,d_suj.tga
d_sultim,d_sultim.tga
d_sumber,d_sumber.tga
d_sun_soul,d_sun_soul.tga
d_sundabar,d_sundabar.tga
d_sunderland,d_sunderland.tga
d_sunrise_country,d_sunrise_country.tga
d_sunrise_deeps,d_sunrise_deeps.tga
d_sunrise_reach,d_sunrise_reach.tga
d_sunrise_wall,d_sunrise_wall.tga
d_suns_eye,d_suns_eye.tga
d_surbrin_vale,d_surbrin_vale.tga
d_sureggol,d_sureggol.tga
d_suretmarch,d_suretmarch.tga
d_surthay,d_surthay.tga
d_swirling_isles,d_swirling_isles.tga
d_sword_coast,d_sword_coast.tga
d_sword_mountains,d_sword_mountains.tga
d_sword_valley,d_sword_valley.tga
d_swordbelt,d_swordbelt.tga
d_swordsea_isles,d_swordsea_isles.tga
d_tabaxiland,d_tabaxiland.tga
d_taertal,d_taertal.tga
d_tajar,d_tajar.tga
d_talaran,d_talaran.tga
d_talarshield,d_talarshield.tga
d_talath,d_talath.tga
d_talons_of_justice,d_talons_of_justice.tga
d_talumin,d_talumin.tga
d_taran,d_taran.tga
d_taranoth,d_taranoth.tga
d_tark,d_tark.tga
d_tarmalune,d_tarmalune.tga
d_tasseldale,d_tasseldale.tga
d_teeth,d_teeth.tga
d_tejarn_hills,d_tejarn_hills.tga
d_temple_of_corellon,d_temple_of_corellon.tga
d_ten_towns,d_ten_towns.tga
d_tenpaw,d_tenpaw.tga
d_teshar,d_teshar.tga
d_teshendale,d_teshendale.tga
d_teshyllal,d_teshyllal.tga
d_tethir_march,d_tethir_march.tga
d_teyla_shan,d_teyla_shan.tga
d_teziir,d_teziir.tga
d_thalmiir,d_thalmiir.tga
d_thar,d_thar.tga
d_tharsult,d_tharsult.tga
d_thazalhar,d_thazalhar.tga
d_the_akanul,d_the_akanul.tga
d_the_alaor,d_the_alaor.tga
d_the_black_road,d_the_black_road.tga
d_the_bleeding_trees,d_the_bleeding_trees.tga
d_the_bow,d_the_bow.tga
d_the_chultengar,d_the_chultengar.tga
d_the_clash,d_the_clash.tga
d_the_dauntir,d_the_dauntir.tga
d_the_evermoors,d_the_evermoors.tga
d_the_five,d_the_five.tga
d_the_gardens,d_the_gardens.tga
d_the_gateway,d_the_gateway.tga
d_the_golden_lands,d_the_golden_lands.tga
d_the_golden_water,d_the_golden_water.tga
d_the_goldenflow,d_the_goldenflow.tga
d_the_great_spire,d_the_great_spire.tga
d_the_guthland,d_the_guthland.tga
d_the_leewai,d_the_leewai.tga
d_the_midlands,d_the_midlands.tga
d_the_nath,d_the_nath.tga
d_the_old_realm,d_the_old_realm.tga
d_the_oxventure_guild,d_the_oxventure_guild.tga
d_the_priador,d_the_priador.tga
d_the_quivering_thumb,d_the_quivering_thumb.tga
d_the_ramparts,d_the_ramparts.tga
d_the_ride,d_the_ride.tga
d_the_rift,d_the_rift.tga
d_the_shaws,d_the_shaws.tga
d_the_stonelands,d_the_stonelands.tga
d_the_stormstars,d_the_stormstars.tga
d_the_swagdar,d_the_swagdar.tga
d_the_swords,d_the_swords.tga
d_the_tashalar,d_the_tashalar.tga
d_the_thorns,d_the_thorns.tga
d_the_unworthy,d_the_unworthy.tga
d_the_upland,d_the_upland.tga
d_thesk,d_thesk.tga
d_thindol,d_thindol.tga
d_tholvarr,d_tholvarr.tga
d_thousand_swords,d_thousand_swords.tga
d_threskel,d_threskel.tga
d_thunder_wolves,d_thunder_wolves.tga
d_thunderbeast,d_thunderbeast.tga
d_tikhtai,d_tikhtai.tga
d_tilverton,d_tilverton.tga
d_tomyris,d_tomyris.tga
d_traaskl_thorog,d_traaskl_thorog.tga
d_trackless_sea,d_trackless_sea.tga
d_trade_of_blades,d_trade_of_blades.tga
d_traders_ride,d_traders_ride.tga
d_trance_banshees,d_trance_banshees.tga
d_transmutation,d_transmutation.tga
d_transmutation_exile,d_transmutation_exile.tga
d_tree_ghost,d_tree_ghost.tga
d_treshla,d_treshla.tga
d_trollshades,d_trollshades.tga
d_tuern,d_tuern.tga
d_tulgey,d_tulgey.tga
d_tunlands,d_tunlands.tga
d_turvulds_swords,d_turvulds_swords.tga
d_tutsaas,d_tutsaas.tga
d_twilit_land,d_twilit_land.tga
d_tymanchebar,d_tymanchebar.tga
d_tyraturos,d_tyraturos.tga
d_ulhai,d_ulhai.tga
d_ulutiuan_reformed,d_ulutiuan_reformed.tga
d_umara,d_umara.tga
d_umber_council,d_umber_council.tga
d_umberwash,d_umberwash.tga
d_unthalass,d_unthalass.tga
d_uplands,d_uplands.tga
d_upper_akanul,d_upper_akanul.tga
d_upper_ama,d_upper_ama.tga
d_upper_ching_tung,d_upper_ching_tung.tga
d_upper_dessarin,d_upper_dessarin.tga
d_upper_iltifat,d_upper_iltifat.tga
d_upper_nogaro,d_upper_nogaro.tga
d_upper_salju,d_upper_salju.tga
d_upper_tabot,d_upper_tabot.tga
d_upper_tathtar,d_upper_tathtar.tga
d_upper_yikaria,d_upper_yikaria.tga
d_urshani,d_urshani.tga
d_ushar,d_ushar.tga
d_ust_natha,d_ust_natha.tga
d_uthgardt_reformed,d_uthgardt_reformed.tga
d_vaegould,d_vaegould.tga
d_valiant_mamluk_society,d_valiant_mamluk_society.tga
d_var,d_var.tga
d_var_tribe,d_var_tribe.tga
d_varm,d_varm.tga
d_veldorn,d_veldorn.tga
d_venasca,d_venasca.tga
d_vesnarfell,d_vesnarfell.tga
d_veterans_guild_of_ravens_bluff,d_veterans_guild_of_ravens_bluff.tga
d_victorious_blade,d_victorious_blade.tga
d_vigilant_mamluk_society,d_vigilant_mamluk_society.tga
d_visiwa_isles,d_visiwa_isles.tga
d_vypaeryn,d_vypaeryn.tga
d_wailing_coast,d_wailing_coast.tga
d_wanderers_mamluk_society,d_wanderers_mamluk_society.tga
d_wasat,d_wasat.tga
d_waterdeep,d_waterdeep.tga
d_waukeen,d_waukeen.tga
d_web_weavers,d_web_weavers.tga
d_weeping_desert,d_weeping_desert.tga
d_west_amtar,d_west_amtar.tga
d_west_islands,d_west_islands.tga
d_west_taan,d_west_taan.tga
d_western_frontier,d_western_frontier.tga
d_western_high_desert,d_western_high_desert.tga
d_western_reghed,d_western_reghed.tga
d_western_sword,d_western_sword.tga
d_western_turlaghh,d_western_turlaghh.tga
d_westgate,d_westgate.tga
d_westwall,d_westwall.tga
d_westward,d_westward.tga
d_westwoods,d_westwoods.tga
d_white_peaks,d_white_peaks.tga
d_white_worm,d_white_worm.tga
d_wild_coast,d_wild_coast.tga
d_winding_water,d_winding_water.tga
d_windriders,d_windriders.tga
d_windrise,d_windrise.tga
d_winterglen,d_winterglen.tga
d_winterwood,d_winterwood.tga
d_wizards_reach,d_wizards_reach.tga
d_wondrous_mamluk_society,d_wondrous_mamluk_society.tga
d_wood_of_sharp_teeth,d_wood_of_sharp_teeth.tga
d_wraith_of_the_inner_sea,d_wraith_of_the_inner_sea.tga
d_wu_pi_te_shao,d_wu_pi_te_shao.tga
d_wyvern_circle,d_wyvern_circle.tga
d_xontish,d_xontish.tga
d_yaks_horn,d_yaks_horn.tga
d_youthful_mamluk_society,d_youthful_mamluk_society.tga
d_yui,d_yui.tga
d_yuir_reformed,d_yuir_reformed.tga
d_yuirwood,d_yuirwood.tga
d_yuuati,d_yuuati.tga
d_zaharas_krakens,d_zaharas_krakens.tga
d_zehoarastria,d_zehoarastria.tga
d_zilla,d_zilla.tga
e_a_brotherhood,e_a_brotherhood.tga
e_ama,e_ama.tga
e_amn,e_amn.tga
e_anauroch,e_anauroch.tga
e_anok_imaskar,e_anok_imaskar.tga
e_army_of_darkness,e_army_of_darkness.tga
e_black_horde,e_black_horde.tga
e_bloodstone,e_bloodstone.tga
e_brotherhood_of_true_flame,e_brotherhood_of_true_flame.tga
e_calim_empire,e_calim_empire.tga
e_chondath,e_chondath.tga
e_chult,e_chult.tga
e_cormanthor,e_cormanthor.tga
e_crowded_sea,e_crowded_sea.tga
e_eastdark,e_eastdark.tga
e_emerald_enclave,e_emerald_enclave.tga
e_evermeet,e_evermeet.tga
e_frozenfar,e_frozenfar.tga
e_golden_lands,e_golden_lands.tga
e_great_sea,e_great_sea.tga
e_high_moor,e_high_moor.tga
e_jerrods_host,e_jerrods_host.tga
e_katakoro,e_katakoro.tga
e_laerakond,e_laerakond.tga
e_lapaliiya,e_lapaliiya.tga
e_melabrauth,e_melabrauth.tga
e_moonshae,e_moonshae.tga
e_moradask,e_moradask.tga
e_mulhorand,e_mulhorand.tga
e_narfell,e_narfell.tga
e_okoth,e_okoth.tga
e_pelvuria,e_pelvuria.tga
e_phalorm,e_phalorm.tga
e_pirates,e_pirates.tga
e_raumathar,e_raumathar.tga
e_rebels,e_rebels.tga
e_segara,e_segara.tga
e_serpentes,e_serpentes.tga
e_shaar,e_shaar.tga
e_shadow_druids,e_shadow_druids.tga
e_shadow_thieves,e_shadow_thieves.tga
e_shao_shan,e_shao_shan.tga
e_shining_sea,e_shining_sea.tga
e_shining_south,e_shining_south.tga
e_shoon,e_shoon.tga
e_shou_lung_west_governor,e_shou_lung_west_governor.tga
e_skelkor,e_skelkor.tga
e_tan_shou_lung,e_tan_shou_lung.tga
e_tethyr,e_tethyr.tga
e_the_darklands,e_the_darklands.tga
e_the_heartlands,e_the_heartlands.tga
e_the_north,e_the_north.tga
e_the_northdark,e_the_northdark.tga
e_undermountain,e_undermountain.tga
e_unther,e_unther.tga
e_utter_north,e_utter_north.tga
e_warlock_knights,e_warlock_knights.tga
e_western_heartlands,e_western_heartlands.tga
e_western_shou_lung,e_western_shou_lung.tga
e_yaimunnahar,e_yaimunnahar.tga
e_yehimal,e_yehimal.tga
e_yikarian_empire,e_yikarian_empire.tga
e_zakhara,e_zakhara.tga
e_zhentarim,e_zhentarim.tga
k_aeraudar,k_aeraudar.tga
k_afyal,k_afyal.tga
k_aglarond,k_aglarond.tga
k_akanul,k_akanul.tga
k_akota,k_akota.tga
k_alaron,k_alaron.tga
k_altumbel,k_altumbel.tga
k_ammarindar,k_ammarindar.tga
k_amn,k_amn.tga
k_anchorome,k_anchorome.tga
k_andlath,k_andlath.tga
k_ankhapur,k_ankhapur.tga
k_arakin,k_arakin.tga
k_ardeep,k_ardeep.tga
k_army_of_shadows,k_army_of_shadows.tga
k_arnaden,k_arnaden.tga
k_arundi,k_arundi.tga
k_ashanath,k_ashanath.tga
k_athalantar,k_athalantar.tga
k_bakar,k_bakar.tga
k_baldurs_gate,k_baldurs_gate.tga
k_besilmer,k_besilmer.tga
k_black_altar,k_black_altar.tga
k_blade_kingdoms,k_blade_kingdoms.tga
k_blightlords,k_blightlords.tga
k_border_kingdoms,k_border_kingdoms.tga
k_caerilcarn,k_caerilcarn.tga
k_calimshan,k_calimshan.tga
k_callidyrr,k_callidyrr.tga
k_chessenta,k_chessenta.tga
k_ching_tung,k_ching_tung.tga
k_chondalwood,k_chondalwood.tga
k_chondath,k_chondath.tga
k_chu_yuan,k_chu_yuan.tga
k_chukei,k_chukei.tga
k_chult,k_chult.tga
k_circle_of_leth,k_circle_of_leth.tga
k_circle_of_order,k_circle_of_order.tga
k_cormanthor,k_cormanthor.tga
k_cormyr,k_cormyr.tga
k_corsair_domains,k_corsair_domains.tga
k_court_of_the_three,k_court_of_the_three.tga
k_covenant,k_covenant.tga
k_crowded_sea,k_crowded_sea.tga
k_daemonfey,k_daemonfey.tga
k_daerimathlor,k_daerimathlor.tga
k_daggerford,k_daggerford.tga
k_dalelands,k_dalelands.tga
k_damara,k_damara.tga
k_dambrath,k_dambrath.tga
k_dardath,k_dardath.tga
k_dareth,k_dareth.tga
k_deep_wastes,k_deep_wastes.tga
k_delimbiyr,k_delimbiyr.tga
k_delimbiyran,k_delimbiyran.tga
k_dessarin,k_dessarin.tga
k_doegan,k_doegan.tga
k_dragon_coast,k_dragon_coast.tga
k_durpar,k_durpar.tga
k_dusk_ports,k_dusk_ports.tga
k_earthroot,k_earthroot.tga
k_east_ama,k_east_ama.tga
k_east_taan,k_east_taan.tga
k_eastern_shaar,k_eastern_shaar.tga
k_ebenfar,k_ebenfar.tga
k_elembar,k_elembar.tga
k_eltabranar,k_eltabranar.tga
k_elturgard,k_elturgard.tga
k_eminence_of_araunt,k_eminence_of_araunt.tga
k_erlkazar,k_erlkazar.tga
k_esemelas,k_esemelas.tga
k_eskorn,k_eskorn.tga
k_estagund,k_estagund.tga
k_evereska,k_evereska.tga
k_everhorde,k_everhorde.tga
k_evermeet,k_evermeet.tga
k_fabada,k_fabada.tga
k_fimbrul,k_fimbrul.tga
k_forest_of_mir,k_forest_of_mir.tga
k_forests_of_amtar,k_forests_of_amtar.tga
k_free_cities,k_free_cities.tga
k_frozenfar,k_frozenfar.tga
k_galadorna,k_galadorna.tga
k_gharraghaur,k_gharraghaur.tga
k_giantspires,k_giantspires.tga
k_glimmershore,k_glimmershore.tga
k_gontal,k_gontal.tga
k_grand_caliphate,k_grand_caliphate.tga
k_great_dale,k_great_dale.tga
k_great_wyrm,k_great_wyrm.tga
k_grimmantle,k_grimmantle.tga
k_guge,k_guge.tga
k_gwynneth,k_gwynneth.tga
k_halruaa,k_halruaa.tga
k_haunted_lands,k_haunted_lands.tga
k_high_forest,k_high_forest.tga
k_high_ice,k_high_ice.tga
k_high_imaskar,k_high_imaskar.tga
k_high_moor,k_high_moor.tga
k_hlontar,k_hlontar.tga
k_hlundadim,k_hlundadim.tga
k_hordes_of_dragonspear,k_hordes_of_dragonspear.tga
k_horthgars_horde,k_horthgars_horde.tga
k_howltusk,k_howltusk.tga
k_hunting_horn,k_hunting_horn.tga
k_ice_horde,k_ice_horde.tga
k_icewind_dale,k_icewind_dale.tga
k_illefarn,k_illefarn.tga
k_impiltur,k_impiltur.tga
k_innarlith,k_innarlith.tga
k_iram,k_iram.tga
k_ironfang_deep,k_ironfang_deep.tga
k_jennestas,k_jennestas.tga
k_kadar,k_kadar.tga
k_kao_shan,k_kao_shan.tga
k_kessells_host,k_kessells_host.tga
k_khazari,k_khazari.tga
k_konigheim,k_konigheim.tga
k_labyrinth,k_labyrinth.tga
k_lantan,k_lantan.tga
k_lapaliiya,k_lapaliiya.tga
k_larang,k_larang.tga
k_lopango,k_lopango.tga
k_lotus_throne,k_lotus_throne.tga
k_luiren,k_luiren.tga
k_luskan,k_luskan.tga
k_maelstrom,k_maelstrom.tga
k_mai_yuan,k_mai_yuan.tga
k_many_arrows,k_many_arrows.tga
k_maurmurra,k_maurmurra.tga
k_melabrauth,k_melabrauth.tga
k_melairbode,k_melairbode.tga
k_menzoberranzan,k_menzoberranzan.tga
k_mhair,k_mhair.tga
k_middle_ama,k_middle_ama.tga
k_milvarn,k_milvarn.tga
k_mirabar,k_mirabar.tga
k_mithral_hall,k_mithral_hall.tga
k_moonlands,k_moonlands.tga
k_moonsea,k_moonsea.tga
k_moonshae,k_moonshae.tga
k_moradask,k_moradask.tga
k_muaroghal,k_muaroghal.tga
k_mulhorand,k_mulhorand.tga
k_mulmaster,k_mulmaster.tga
k_mulsparkh,k_mulsparkh.tga
k_muluk,k_muluk.tga
k_murghom,k_murghom.tga
k_najara,k_najara.tga
k_naratyr,k_naratyr.tga
k_narfell,k_narfell.tga
k_nelanther_isles,k_nelanther_isles.tga
k_neverwinter,k_neverwinter.tga
k_nimbral,k_nimbral.tga
k_nogaro,k_nogaro.tga
k_north_taan,k_north_taan.tga
k_northlander_isles,k_northlander_isles.tga
k_oghrann,k_oghrann.tga
k_omnod_kheer,k_omnod_kheer.tga
k_omu,k_omu.tga
k_oryndoll,k_oryndoll.tga
k_paja,k_paja.tga
k_parsanic,k_parsanic.tga
k_pasar,k_pasar.tga
k_pelvuria,k_pelvuria.tga
k_pirate_isles,k_pirate_isles.tga
k_purple_staff,k_purple_staff.tga
k_qudra,k_qudra.tga
k_quoya,k_quoya.tga
k_ra_khati,k_ra_khati.tga
k_rashemen,k_rashemen.tga
k_raurin,k_raurin.tga
k_red_shadow,k_red_shadow.tga
k_red_wizards,k_red_wizards.tga
k_reghed_glacier,k_reghed_glacier.tga
k_relmaur,k_relmaur.tga
k_roldilar,k_roldilar.tga
k_sahu,k_sahu.tga
k_salt_jungle,k_salt_jungle.tga
k_samarach,k_samarach.tga
k_sarifal,k_sarifal.tga
k_sarphil,k_sarphil.tga
k_sauringar,k_sauringar.tga
k_se_sehen,k_se_sehen.tga
k_sembia,k_sembia.tga
k_sempadan,k_sempadan.tga
k_semphar,k_semphar.tga
k_sespech,k_sespech.tga
k_shaareach,k_shaareach.tga
k_shalhoond,k_shalhoond.tga
k_shavinar,k_shavinar.tga
k_shining_plains,k_shining_plains.tga
k_silver_marches,k_silver_marches.tga
k_skelkor,k_skelkor.tga
k_solon,k_solon.tga
k_sossal,k_sossal.tga
k_spine_of_the_world,k_spine_of_the_world.tga
k_sseradess,k_sseradess.tga
k_stornanter,k_stornanter.tga
k_storting,k_storting.tga
k_sunset_vale,k_sunset_vale.tga
k_sword_coast,k_sword_coast.tga
k_sword_lands,k_sword_lands.tga
k_synnoria,k_synnoria.tga
k_taan,k_taan.tga
k_tabot,k_tabot.tga
k_tashalar,k_tashalar.tga
k_tathtar,k_tathtar.tga
k_teshan,k_teshan.tga
k_tethyamar,k_tethyamar.tga
k_tethyr,k_tethyr.tga
k_tharsult,k_tharsult.tga
k_thay,k_thay.tga
k_the_anvil,k_the_anvil.tga
k_the_darklands,k_the_darklands.tga
k_the_heart,k_the_heart.tga
k_the_league,k_the_league.tga
k_the_leewai,k_the_leewai.tga
k_the_lions,k_the_lions.tga
k_the_pearls,k_the_pearls.tga
k_the_rift,k_the_rift.tga
k_the_shaar,k_the_shaar.tga
k_the_stonelands,k_the_stonelands.tga
k_the_swagdar,k_the_swagdar.tga
k_the_sword,k_the_sword.tga
k_the_vast,k_the_vast.tga
k_thentur,k_thentur.tga
k_thesk,k_thesk.tga
k_thindol,k_thindol.tga
k_threskel,k_threskel.tga
k_thultanthar,k_thultanthar.tga
k_tortured_lands,k_tortured_lands.tga
k_turlaghh,k_turlaghh.tga
k_turmish,k_turmish.tga
k_tymanther,k_tymanther.tga
k_ubtao_church,k_ubtao_church.tga
k_ulgarth,k_ulgarth.tga
k_unther,k_unther.tga
k_upper_alexatis,k_upper_alexatis.tga
k_uruth_ukrypt,k_uruth_ukrypt.tga
k_uthgars_host,k_uthgars_host.tga
k_uthor,k_uthor.tga
k_uthtower,k_uthtower.tga
k_utter_north,k_utter_north.tga
k_vaasa,k_vaasa.tga
k_valashar,k_valashar.tga
k_var,k_var.tga
k_vastar,k_vastar.tga
k_veldorn,k_veldorn.tga
k_velprin,k_velprin.tga
k_vesperin,k_vesperin.tga
k_vilhon,k_vilhon.tga
k_waterdeep,k_waterdeep.tga
k_wealdath,k_wealdath.tga
k_west_ama,k_west_ama.tga
k_west_taan,k_west_taan.tga
k_windlass,k_windlass.tga
k_windrise_ports,k_windrise_ports.tga
k_yarlith,k_yarlith.tga
k_yikaria,k_yikaria.tga
k_yui,k_yui.tga
