title,ck2_key,value
c_berdusk,title,"HIGHLORD"
c_berdusk,title_female,"HIGHLADY"
c_candlekeep,title,"HIGH_READER"
c_candlekeep,title_female,"HIGH_READER"
c_daggerford,title,"COUNT"
c_daggerford,title_female,"COUNTESS"
c_daggerford,title_prefix,"COUNTY_OF"
c_delzimmer,title,"SATRAP"
c_delzimmer,title_female,"SATRAP"
c_everlund,title,"FIRSTELDER"
c_everlund,title_female,"FIRSTELDER"
c_fairheight,title,"EARL"
c_harrowdale,title,"BURGHER"
c_harrowdale,title_female,"BURGHER"
c_hulburg,title,"HARMACH"
c_hulburg,title_female,"HARMACH"
c_iljak,title,"GOVERNOR"
c_iljak,title_female,"GOVERNOR"
c_ithmong,title,"SHOONSAR"
c_ithmong,title_female,"SHOONSAR"
c_kormul,title,"HARLORD"
c_kormul,title_female,"HARLORD"
c_loudwater,title,"HIGHLORD"
c_loudwater,title_female,"HIGHLADY"
c_maerchwoods,title,"STORMWALKER"
c_maerchwoods,title_female,"STORMWALKER"
c_makaxar,title,"HIGHLAPALYTH"
c_makaxar,title_female,"HIGHLAPALYTH"
c_milvarune,title,"PRINCE"
c_milvarune,title_female,"PRINCESS"
c_mintar,title,"SATRAP"
c_mintar,title_female,"SATRAP"
c_mintarn,title,"TYRANT"
c_mintarn,title_female,"TYRANT"
c_mirabar,title,"MARCHION"
c_mirabar,title_female,"MARCHIONESS"
c_nathlekh,title,"CAT_LORD"
c_nathlekh,title_female,"CAT_LORD"
c_nesme,title,"FIRSTSPEAKER"
c_nesme,title_female,"FIRSTSPEAKER"
c_procampur,title,"THULTYRL"
c_procampur,title_female,"THULTYRL"
c_schamedar,title,"SYLVIZAR"
c_schamedar,title_female,"SYLVIZAR"
c_selgaunt,title,"HULORN"
c_selgaunt,title_female,"HULORN"
c_skullport,title," "
c_skullport,title_female," "
c_suldolphor,title,"OLANGER"
c_suldolphor,title_female,"OLANGER"
c_sundabar,title,"RULINGMASTER"
c_sundabar,title_female,"RULINGMASTER"
c_talduth_vale,title,"IMPERIAL_OVERDUKE"
c_talduth_vale,title_female,"IMPERIAL_OVERDUCHESS"
c_thentia,title,"WATCHLORD"
c_thentia,title_female,"WATCHLORD"
c_torsch,foa,"LORD_FOA"
c_torsch,title,"LORD"
c_torsch,title_female,"LORD"
c_triboar,title,"LORDPROTECTOR"
c_triboar,title_female,"LADYPROTECTOR"
c_tsurlagol,title,"VEN"
c_tsurlagol,title_female,"VEN"
c_undermountain,title,"MASTER"
c_undermountain,title_female,"MISTRESS"
c_voonlar,title,"BRON"
c_voonlar,title_female,"BRON"
c_yartar,title,"WATERBARON"
c_yartar,title_female,"WATERBARON"
c_yeshpek,title,"KHALDOMAUN"
c_yeshpek,title_female,"KHALDOMAUN"
c_yhep,title,"HIGHLORD"
c_yhep,title_female,"HIGHLADY"
c_zhentil_keep,title,"FIRSTLORD"
c_zhentil_keep,title_female,"FIRSTLADY"
d_abjuration,title,"ZULKIR"
d_abjuration,title_female,"ZULKIR"
d_abjuration,title_prefix,"ZULKIRATEOF"
d_abjuration_exile,title,"ZULKIR"
d_abjuration_exile,title_female,"ZULKIR"
d_abjuration_exile,title_prefix,"ZULKIRATEOF"
d_affordable_outlaws,foa,"CAPTAIN_FOA"
d_affordable_outlaws,title,"CAPTAIN"
d_affordable_outlaws,title_female,"CAPTAIN"
d_alaoreum,foa,"LORD_FOA"
d_alaoreum,title,"LORD"
d_alaoreum,title_female,"LADY"
d_ammarindar,title,"HIGHLORD"
d_ammarindar,title_female,"HIGHLADY"
d_anaconda,foa,"CAPTAIN_FOA"
d_anaconda,title,"CAPTAIN"
d_anaconda,title_female,"CAPTAIN"
d_army_of_lion,foa,"CAPTAIN_FOA"
d_army_of_lion,title,"CAPTAIN"
d_army_of_lion,title_female,"CAPTAIN"
d_bahamut,foa,"KOJ_FOA"
d_bahamut,title,"KING_OF_JUSTICE"
d_bahamut,title_female,"QUEEN_OF_JUSTICE"
d_bannerless_legion,foa,"CAPTAIN_FOA"
d_bannerless_legion,title,"CAPTAIN"
d_bannerless_legion,title_female,"CAPTAIN"
d_barakair,title,"IRON_SHIELD"
d_barakair,title_female,"IRON_SHIELD"
d_black_blood_tribe,title,"BLOODMASTER"
d_black_blood_tribe,title_female,"BLOODMASTER"
d_black_watch,foa,"CAPTAIN_FOA"
d_black_watch,title,"CAPTAIN"
d_black_watch,title_female,"CAPTAIN"
d_blacktalons_mercenary_company,foa,"CAPTAIN_FOA"
d_blacktalons_mercenary_company,title,"CAPTAIN"
d_blacktalons_mercenary_company,title_female,"CAPTAIN"
d_blades_of_uthgar,foa,"CAPTAIN_FOA"
d_blades_of_uthgar,title,"CAPTAIN"
d_blades_of_uthgar,title_female,"CAPTAIN"
d_blood_money_band,foa,"CAPTAIN_FOA"
d_blood_money_band,title,"CAPTAIN"
d_blood_money_band,title_female,"CAPTAIN"
d_bloodaxe_mercenary_company,foa,"CAPTAIN_FOA"
d_bloodaxe_mercenary_company,title,"CAPTAIN"
d_bloodaxe_mercenary_company,title_female,"CAPTAIN"
d_blue_sigil,foa,"CAPTAIN_FOA"
d_blue_sigil,title,"CAPTAIN"
d_blue_sigil,title_female,"CAPTAIN"
d_bold_blades_of_berdusk,foa,"CAPTAIN_FOA"
d_bold_blades_of_berdusk,title,"CAPTAIN"
d_bold_blades_of_berdusk,title_female,"CAPTAIN"
d_bregan_daerthe,foa,"CAPTAIN_FOA"
d_bregan_daerthe,title,"CAPTAIN"
d_bregan_daerthe,title_female,"CAPTAIN"
d_bushido,foa,"CAPTAIN_FOA"
d_bushido,title,"CAPTAIN"
d_bushido,title_female,"CAPTAIN"
d_chelimber,title,"PRINCE"
d_chelimber,title_female,"PRINCESS"
d_chill,foa,"CAPTAIN_FOA"
d_chill,title,"CAPTAIN"
d_chill,title_female,"CAPTAIN"
d_cimbar,foa,"SCEPTANAR_FOA"
d_cimbar,title,"SCEPTANAR"
d_cimbar,title_female,"SCEPTANAR"
d_citadel_of_assassins,foa,"MASTER_FOA"
d_citadel_of_assassins,title,"GRANDFATHER"
d_citadel_of_assassins,title_female,"GRANDMOTHER"
d_clan_hammerhand,foa,"CAPTAIN_FOA"
d_clan_hammerhand,title,"CAPTAIN"
d_clan_hammerhand,title_female,"CAPTAIN"
d_claw,foa,"CAPTAIN_FOA"
d_claw,title,"CAPTAIN"
d_claw,title_female,"CAPTAIN"
d_code_helm,foa,"CAPTAIN_FOA"
d_code_helm,title,"CAPTAIN"
d_code_helm,title_female,"CAPTAIN"
d_company_of_hunnar,foa,"CAPTAIN_FOA"
d_company_of_hunnar,title,"CAPTAIN"
d_company_of_hunnar,title_female,"CAPTAIN"
d_company_of_the_cane,foa,"CAPTAIN_FOA"
d_company_of_the_cane,title,"CAPTAIN"
d_company_of_the_cane,title_female,"CAPTAIN"
d_company_of_the_ebon_spur,foa,"CAPTAIN_FOA"
d_company_of_the_ebon_spur,title,"SPUR_LORD"
d_company_of_the_ebon_spur,title_female,"SPUR_LADY"
d_company_of_the_singing_dawn,foa,"CAPTAIN_FOA"
d_company_of_the_singing_dawn,title,"CAPTAIN"
d_company_of_the_singing_dawn,title_female,"CAPTAIN"
d_company_of_the_wolf,foa,"CAPTAIN_FOA"
d_company_of_the_wolf,title,"CAPTAIN"
d_company_of_the_wolf,title_female,"CAPTAIN"
d_conjuration,title,"ZULKIR"
d_conjuration,title_female,"ZULKIR"
d_conjuration,title_prefix,"ZULKIRATEOF"
d_conjuration_exile,title,"ZULKIR"
d_conjuration_exile,title_female,"ZULKIR"
d_conjuration_exile,title_prefix,"ZULKIRATEOF"
d_cult_of_gilgeam,foa,"HIGH_PRIEST_FOA"
d_cult_of_gilgeam,title,"HIGH_PRIEST"
d_cult_of_gilgeam,title_female,"HIGH_PRIESTESS"
d_cult_of_ragarra,foa,"HIGH_PRIEST_FOA"
d_cult_of_ragarra,title,"HIGH_PRIEST"
d_cult_of_ragarra,title_female,"HIGH_PRIESTESS"
d_cult_of_shajar,foa,"HIGH_PRIEST_FOA"
d_cult_of_shajar,title,"HIGH_PRIEST"
d_cult_of_shajar,title_female,"HIGH_PRIESTESS"
d_cult_of_tiamat,foa,"HIGH_PRIEST_FOA"
d_cult_of_tiamat,title,"HIGH_PRIEST"
d_cult_of_tiamat,title_female,"HIGH_PRIESTESS"
d_daggerford,title,"DUKE"
d_daggerford,title_female,"DUCHESS"
d_daggerford,title_prefix,"DUCHY_OF"
d_daggers_of_truth,foa,"CAPTAIN_FOA"
d_daggers_of_truth,title,"CAPTAIN"
d_daggers_of_truth,title_female,"CAPTAIN"
d_dark_watch,foa,"CAPTAIN_FOA"
d_dark_watch,title,"CAPTAIN"
d_dark_watch,title_female,"CAPTAIN"
d_darksong_knights,foa,"CAPTAIN_FOA"
d_darksong_knights,title,"CAPTAIN"
d_darksong_knights,title_female,"CAPTAIN"
d_dauntless_mamluk_society,foa,"GENERAL_FOA"
d_dauntless_mamluk_society,title,"GENERAL"
d_dauntless_mamluk_society,title_female,"GENERAL"
d_deep_glade,title,"ARCHDRUID"
d_deep_glade,title_female,"ARCHDRUID"
d_defenders_mamluk_society,foa,"GENERAL_FOA"
d_defenders_mamluk_society,title,"GENERAL"
d_defenders_mamluk_society,title_female,"GENERAL"
d_dervishes,foa,"CAPTAIN_FOA"
d_dervishes,title,"CAPTAIN"
d_dervishes,title_female,"CAPTAIN"
d_desert_wind,foa,"CAPTAIN_FOA"
d_desert_wind,title,"CAPTAIN"
d_desert_wind,title_female,"CAPTAIN"
d_destroyers,foa,"CAPTAIN_FOA"
d_destroyers,title,"CAPTAIN"
d_destroyers,title_female,"CAPTAIN"
d_devoted_mamluk_society,foa,"MARSHAL_FOA"
d_devoted_mamluk_society,title,"MARSHAL"
d_devoted_mamluk_society,title_female,"MARSHAL"
d_devout_mamluk_society,foa,"GENERAL_FOA"
d_devout_mamluk_society,title,"GENERAL"
d_devout_mamluk_society,title_female,"GENERAL"
d_diligent_mamluk_society,foa,"GENERAL_FOA"
d_diligent_mamluk_society,title,"GENERAL"
d_diligent_mamluk_society,title_female,"GENERAL"
d_divination,title,"ZULKIR"
d_divination,title_female,"ZULKIR"
d_divination,title_prefix,"ZULKIRATEOF"
d_divination_exile,title,"ZULKIR"
d_divination_exile,title_female,"ZULKIR"
d_divination_exile,title_prefix,"ZULKIRATEOF"
d_dragonmen,foa,"CAPTAIN_FOA"
d_dragonmen,title,"CAPTAIN"
d_dragonmen,title_female,"CAPTAIN"
d_dusk_circle,title,"ARCHDRUID"
d_dusk_circle,title_female,"ARCHDRUID"
d_dutiful_mamluk_society,foa,"GENERAL_FOA"
d_dutiful_mamluk_society,title,"GENERAL"
d_dutiful_mamluk_society,title_female,"GENERAL"
d_earthmother_reformed,foa,"POPE_FOA"
d_earthmother_reformed,title,"HEAD_VERGOBRET"
d_earthmother_reformed,title_female,"HEAD_VERGOBRETA"
d_ebonbrand,foa,"CAPTAIN_FOA"
d_ebonbrand,title,"CAPTAIN"
d_ebonbrand,title_female,"CAPTAIN"
d_elder_brains,title,"SUPREME_CONCORD"
d_emerald_brotherhood,foa,"CAPTAIN_FOA"
d_emerald_brotherhood,title,"CAPTAIN"
d_emerald_brotherhood,title_female,"CAPTAIN"
d_emerald_grove,title,"ARCHDRUID"
d_emerald_grove,title_female,"ARCHDRUID"
d_enchantment,title,"ZULKIR"
d_enchantment,title_female,"ZULKIR"
d_enchantment,title_prefix,"ZULKIRATEOF"
d_enchantment_exile,title,"ZULKIR"
d_enchantment_exile,title_female,"ZULKIR"
d_enchantment_exile,title_prefix,"ZULKIRATEOF"
d_enclave,foa,"MAGUS_FOA"
d_enclave,title,"MAGUS"
d_enclave,title_female,"MAGUS"
d_enforcers,foa,"CAPTAIN_FOA"
d_enforcers,title,"CAPTAIN"
d_enforcers,title_female,"CAPTAIN"
d_enzo,title,"MARQUIS"
d_enzo,title_female,"MARQUESSA"
d_evocation,title,"ZULKIR"
d_evocation,title_female,"ZULKIR"
d_evocation,title_prefix,"ZULKIRATEOF"
d_evocation_exile,title,"ZULKIR"
d_evocation_exile,title_female,"ZULKIR"
d_evocation_exile,title_prefix,"ZULKIRATEOF"
d_exalted_mamluk_society,foa,"MARSHAL_FOA"
d_exalted_mamluk_society,title,"MARSHAL"
d_exalted_mamluk_society,title_female,"MARSHAL"
d_eye_of_the_gods,foa,"CAPTAIN_FOA"
d_eye_of_the_gods,title,"CAPTAIN"
d_eye_of_the_gods,title_female,"CAPTAIN"
d_faithful_mamluk_society,foa,"GENERAL_FOA"
d_faithful_mamluk_society,title,"GENERAL"
d_faithful_mamluk_society,title_female,"GENERAL"
d_fallen_justice,foa,"HIGH_PRIEST_FOA"
d_fallen_justice,title,"HIGH_PRIEST"
d_fallen_justice,title_female,"HIGH_PRIESTESS"
d_fellowship_of_the_white_owl,foa,"CAPTAIN_FOA"
d_fellowship_of_the_white_owl,title,"CAPTAIN"
d_fellowship_of_the_white_owl,title_female,"CAPTAIN"
d_fighting_cocks,foa,"CAPTAIN_FOA"
d_fighting_cocks,title,"CAPTAIN"
d_fighting_cocks,title_female,"CAPTAIN"
d_flaming_fist,foa,"CAPTAIN_FOA"
d_flaming_fist,title,"CAPTAIN"
d_flaming_fist,title_female,"CAPTAIN"
d_flash_of_the_dragon,foa,"CAPTAIN_FOA"
d_flash_of_the_dragon,title,"CAPTAIN"
d_flash_of_the_dragon,title_female,"CAPTAIN"
d_forlorn_field_army,foa,"CAPTAIN_FOA"
d_forlorn_field_army,title,"CAPTAIN"
d_forlorn_field_army,title_female,"CAPTAIN"
d_gauntlet,foa,"CAPTAIN_FOA"
d_gauntlet,title,"CAPTAIN"
d_gauntlet,title_female,"CAPTAIN"
d_geomancy,foa,"HIGH_PRIEST_FOA"
d_geomancy,title,"ARCHGEOMANCER"
d_geomancy,title_female,"ARCHGEOMANCER"
d_goblin_reformed,foa,"HEAD_PRIEST_FOA"
d_goblin_reformed,title,"HEAD_HIGH_PRIEST"
d_goblin_reformed,title_female,"HEAD_HIGH_PRIESTESS"
d_golden_blades,foa,"CAPTAIN_FOA"
d_golden_blades,title,"CAPTAIN"
d_golden_blades,title_female,"CAPTAIN"
d_golden_legion,foa,"CAPTAIN_FOA"
d_golden_legion,title,"CAPTAIN"
d_golden_legion,title_female,"CAPTAIN"
d_grand_cabal,foa,"MAGUS_FOA"
d_grand_cabal,title,"MAGUS"
d_grand_cabal,title_female,"MAGUS"
d_great_oak,title,"ARCHDRUID"
d_great_oak,title_female,"ARCHDRUID"
d_griffon_legion,foa,"CAPTAIN_FOA"
d_griffon_legion,title,"CAPTAIN"
d_griffon_legion,title_female,"CAPTAIN"
d_guardians_of_daggerford,foa,"CAPTAIN_FOA"
d_guardians_of_daggerford,title,"CAPTAIN"
d_guardians_of_daggerford,title_female,"CAPTAIN"
d_hand_behind_the_mirror,foa,"CAPTAIN_FOA"
d_hand_behind_the_mirror,title,"CAPTAIN"
d_hand_behind_the_mirror,title_female,"CAPTAIN"
d_handmaidens_of_the_spider_queen,foa,"HIGH_PRIEST_FOA"
d_handmaidens_of_the_spider_queen,title,"HIGH_PRIEST"
d_handmaidens_of_the_spider_queen,title_female,"HIGH_PRIESTESS"
d_heartseekers,foa,"CAPTAIN_FOA"
d_heartseekers,title,"CAPTAIN"
d_heartseekers,title_female,"CAPTAIN"
d_heroes_of_the_realm,foa,"CAPTAIN_FOA"
d_heroes_of_the_realm,title,"LORD"
d_heroes_of_the_realm,title_female,"LADY"
d_high_dale,title,"HIGH_CONSTABLE"
d_high_dale,title_female,"HIGH_CONSTABLE"
d_honored_mamluk_society,foa,"GENERAL_FOA"
d_honored_mamluk_society,title,"GENERAL"
d_honored_mamluk_society,title_female,"GENERAL"
d_horns_of_winter,foa,"CAPTAIN_FOA"
d_horns_of_winter,title,"CAPTAIN"
d_horns_of_winter,title_female,"CAPTAIN"
d_illusion,title,"ZULKIR"
d_illusion,title_female,"ZULKIR"
d_illusion,title_prefix,"ZULKIRATEOF"
d_illusion_exile,title,"ZULKIR"
d_illusion_exile,title_female,"ZULKIR"
d_illusion_exile,title_prefix,"ZULKIRATEOF"
d_imperial_arrows,foa,"CAPTAIN_FOA"
d_imperial_arrows,title,"CAPTAIN"
d_imperial_arrows,title_female,"CAPTAIN"
d_imperishable_mamluk_society,foa,"GENERAL_FOA"
d_imperishable_mamluk_society,title,"GENERAL"
d_imperishable_mamluk_society,title_female,"GENERAL"
d_information,title,"ZULKIR"
d_information,title_female,"ZULKIR"
d_information,title_prefix,"ZULKIRATEOF"
d_iron_throne,foa,"CAPTAIN_FOA"
d_iron_throne,title,"CAPTAIN"
d_iron_throne,title_female,"CAPTAIN"
d_jaguar_guard,foa,"CAPTAIN_FOA"
d_jaguar_guard,title,"CAPTAIN"
d_jaguar_guard,title_female,"CAPTAIN"
d_jaziri_reformed,foa,"POPE_FOA"
d_jaziri_reformed,title,"HEAD_SUPREME_MYSTIC"
d_jaziri_reformed,title_female,"HEAD_SUPREME_MYSTIC"
d_klarthlurr,title,"MHAUROG"
d_klarthlurr,title_female,"MHAUROG"
d_knights_fentan,foa,"CAPTAIN_FOA"
d_knights_fentan,title,"CAPTAIN"
d_knights_fentan,title_female,"CAPTAIN"
d_knights_of_blue_moon,foa,"CAPTAIN_FOA"
d_knights_of_blue_moon,title,"CAPTAIN"
d_knights_of_blue_moon,title_female,"CAPTAIN"
d_knights_of_samular,foa,"CAPTAIN_FOA"
d_knights_of_samular,title,"CAPTAIN"
d_knights_of_samular,title_female,"CAPTAIN"
d_knights_of_the_everlasting_dragon,foa,"CAPTAIN_FOA"
d_knights_of_the_everlasting_dragon,title,"CAPTAIN"
d_knights_of_the_everlasting_dragon,title_female,"CAPTAIN"
d_knights_of_the_unicorn,foa,"CAPTAIN_FOA"
d_knights_of_the_unicorn,title,"CAPTAIN"
d_knights_of_the_unicorn,title_female,"CAPTAIN"
d_llandrydds_steel,foa,"CAPTAIN_FOA"
d_llandrydds_steel,title,"CAPTAIN"
d_llandrydds_steel,title_female,"CAPTAIN"
d_long_death,title,"ABBOT"
d_long_death,title_female,"ABBESS"
d_longbolts,foa,"CAPTAIN_FOA"
d_longbolts,title,"CAPTAIN"
d_longbolts,title_female,"CAPTAIN"
d_lords_of_war,foa,"CAPTAIN_FOA"
d_lords_of_war,title,"CAPTAIN"
d_lords_of_war,title_female,"CAPTAIN"
d_mage_hunters,foa,"CAPTAIN_FOA"
d_mage_hunters,title,"CAPTAIN"
d_mage_hunters,title_female,"CAPTAIN"
d_magis_mir,foa,"MAGUS_FOA"
d_magis_mir,title,"MAGUS"
d_magis_mir,title_female,"MAGUS"
d_magister,title,"MAGISTER"
d_magister,title_female,"MAGISTER"
d_man_eaters,foa,"CAPTAIN_FOA"
d_man_eaters,title,"CAPTAIN"
d_man_eaters,title_female,"CAPTAIN"
d_marsember,title,"GRANDDUKE"
d_marsember,title_female,"GRANDDUCHESS"
d_masquerade,foa,"CAPTAIN_FOA"
d_masquerade,title,"CAPTAIN"
d_masquerade,title_female,"CAPTAIN"
d_medusas_eyes,foa,"CAPTAIN_FOA"
d_medusas_eyes,title,"CAPTAIN"
d_medusas_eyes,title_female,"CAPTAIN"
d_mercenaries_guild_of_westgate,foa,"CAPTAIN_FOA"
d_mercenaries_guild_of_westgate,title,"CAPTAIN"
d_mercenaries_guild_of_westgate,title_female,"CAPTAIN"
d_mighty_mamluk_society,foa,"GENERAL_FOA"
d_mighty_mamluk_society,title,"GENERAL"
d_mighty_mamluk_society,title_female,"GENERAL"
d_mindulgulph_mercenary_company,foa,"CAPTAIN_FOA"
d_mindulgulph_mercenary_company,title,"CAPTAIN"
d_mindulgulph_mercenary_company,title_female,"CAPTAIN"
d_minsorran,title,"THEOCRAT"
d_minsorran,title_female,"THEOCRAT"
d_minsorran,title_prefix,"THEOCRACYOF"
d_moonlight_men,foa,"CAPTAIN_FOA"
d_moonlight_men,title,"CAPTAIN"
d_moonlight_men,title_female,"CAPTAIN"
d_morndivver,title,"ARDUKE"
d_morndivver,title_female,"ARDUCHESS"
d_muhjari,foa,"CALIPH_FOA"
d_muhjari,title,"CALIPH"
d_muhjari,title_female,"CALIPHA"
d_mulmaster,title,"HIGH_BLADE"
d_mulmaster,title_female,"HIGH_BLADE"
d_mulmaster_beholder_corps,foa,"CAPTAIN_FOA"
d_mulmaster_beholder_corps,title,"CAPTAIN"
d_mulmaster_beholder_corps,title_female,"CAPTAIN"
d_myriadic,foa,"CALIPH_FOA"
d_myriadic,title,"GRAND_MUFTI"
d_myriadic,title_female,"GRAND_MUFTI"
d_naelors_banner,foa,"CAPTAIN_FOA"
d_naelors_banner,title,"CAPTAIN"
d_naelors_banner,title_female,"CAPTAIN"
d_necromancy,title,"ZULKIR"
d_necromancy,title_female,"ZULKIR"
d_necromancy,title_prefix,"ZULKIRATEOF"
d_necromancy_exile,title,"ZULKIR"
d_necromancy_exile,title_female,"ZULKIR"
d_necromancy_exile,title_prefix,"ZULKIRATEOF"
d_nelanther_isles,title,"GRAND_VIZIER"
d_nelanther_isles,title_female,"GRAND_VIZARA"
d_new_blood,foa,"CAPTAIN_FOA"
d_new_blood,title,"CAPTAIN"
d_new_blood,title_female,"CAPTAIN"
d_nogari_reformed,foa,"POPE_FOA"
d_nogari_reformed,title,"HEAD_SUPREME_MYSTIC"
d_nogari_reformed,title_female,"HEAD_SUPREME_MYSTIC"
d_norheim_marauders,foa,"CAPTAIN_FOA"
d_norheim_marauders,title,"CAPTAIN"
d_norheim_marauders,title_female,"CAPTAIN"
d_nsi_warriors,foa,"CAPTAIN_FOA"
d_nsi_warriors,title,"CAPTAIN"
d_nsi_warriors,title_female,"CAPTAIN"
d_old_legion,foa,"CAPTAIN_FOA"
d_old_legion,title,"CAPTAIN"
d_old_legion,title_female,"CAPTAIN"
d_old_reach,title,"GRAND_PRINCE"
d_old_reach,title_female,"GRAND_PRINCESS"
d_orc_reformed,foa,"HEAD_PRIEST_FOA"
d_orc_reformed,title,"HEAD_HIGH_PRIEST"
d_orc_reformed,title_female,"HEAD_HIGH_PRIESTESS"
d_order_of_the_aster,foa,"CAPTAIN_FOA"
d_order_of_the_aster,title,"CAPTAIN"
d_order_of_the_aster,title_female,"CAPTAIN"
d_order_of_the_blue_boar,foa,"CAPTAIN_FOA"
d_order_of_the_blue_boar,title,"CAPTAIN"
d_order_of_the_blue_boar,title_female,"CAPTAIN"
d_order_of_the_burning_dawn,foa,"CAPTAIN_FOA"
d_order_of_the_burning_dawn,title,"CAPTAIN"
d_order_of_the_burning_dawn,title_female,"CAPTAIN"
d_order_of_the_calming_wave,foa,"CAPTAIN_FOA"
d_order_of_the_calming_wave,title,"ABBOT"
d_order_of_the_calming_wave,title_female,"ABBESS"
d_order_of_the_gauntlet,foa,"CAPTAIN_FOA"
d_order_of_the_gauntlet,title,"CAPTAIN"
d_order_of_the_gauntlet,title_female,"CAPTAIN"
d_order_of_the_gilded_eye,foa,"CAPTAIN_FOA"
d_order_of_the_gilded_eye,title,"CAPTAIN"
d_order_of_the_gilded_eye,title_female,"CAPTAIN"
d_order_of_the_pure_flame,title,"ABBOT"
d_order_of_the_pure_flame,title_female,"ABBESS"
d_order_of_the_sapphire_crescent,foa,"CAPTAIN_FOA"
d_order_of_the_sapphire_crescent,title,"CAPTAIN"
d_order_of_the_sapphire_crescent,title_female,"CAPTAIN"
d_order_of_the_silver_lance,foa,"CAPTAIN_FOA"
d_order_of_the_silver_lance,title,"CAPTAIN"
d_order_of_the_silver_lance,title_female,"CAPTAIN"
d_padhran,foa,"LAMA_FOA"
d_padhran,title,"GREAT_LAMA"
d_padhran,title_female,"GREAT_LAMA"
d_pale_giants,title,"LORD"
d_pale_giants,title_female,"LADY"
d_pantheist,foa,"CALIPH_FOA"
d_pantheist,title,"EMIR"
d_pantheist,title_female,"EMIRA"
d_parched_mamluk_society,foa,"MARSHAL_FOA"
d_parched_mamluk_society,title,"MARSHAL"
d_parched_mamluk_society,title_female,"MARSHAL"
d_pegasus_archery_company,foa,"CAPTAIN_FOA"
d_pegasus_archery_company,title,"CAPTAIN"
d_pegasus_archery_company,title_female,"CAPTAIN"
d_pirate_hunters,foa,"CAPTAIN_FOA"
d_pirate_hunters,title,"CAPTAIN"
d_pirate_hunters,title_female,"CAPTAIN"
d_priesthood_of_gilgeam,title,"GOD_KING"
d_priesthood_of_gilgeam,title_female,"GOD_QUEEN"
d_priesthood_of_horus,title,"GOD_KING"
d_priesthood_of_horus,title_female,"GOD_QUEEN"
d_priesthood_of_ishtar,foa,"HIGH_PRIEST_FOA"
d_priesthood_of_ishtar,title,"HIGH_PRIEST"
d_priesthood_of_ishtar,title_female,"HIGH_PRIESTESS"
d_promenade_of_the_dark_maiden,foa,"HIGH_PRIEST_FOA"
d_promenade_of_the_dark_maiden,title,"HIGH_PRIEST"
d_promenade_of_the_dark_maiden,title_female,"HIGH_PRIESTESS"
d_purple_dragons,foa,"CAPTAIN_FOA"
d_purple_dragons,title,"CAPTAIN"
d_purple_dragons,title_female,"CAPTAIN"
d_purple_flame,foa,"CAPTAIN_FOA"
d_purple_flame,title,"CAPTAIN"
d_purple_flame,title_female,"CAPTAIN"
d_qisma,foa,"CALIPH_FOA"
d_qisma,title,"IMAM"
d_qisma,title_female,"IMAM"
d_qotal_reformed,foa,"HEAD_PRIEST_FOA"
d_qotal_reformed,title,"TLATOANI"
d_qotal_reformed,title_female,"CIHUATLATOANI"
d_realm_of_chaos,title,"LORD_OF_CHAOS"
d_realm_of_chaos,title_female,"LADY_OF_CHAOS"
d_realm_of_fire,title,"LORD_OF_FIRE"
d_realm_of_fire,title_female,"LADY_OF_FIRE"
d_realm_of_lands,title,"LORD_OF_LANDS"
d_realm_of_lands,title_female,"LADY_OF_LANDS"
d_realm_of_tides,title,"LORD_OF_TIDES"
d_realm_of_tides,title_female,"LADY_OF_TIDES"
d_red_brigade,foa,"CAPTAIN_FOA"
d_red_brigade,title,"CAPTAIN"
d_red_brigade,title_female,"CAPTAIN"
d_red_flayers,foa,"CAPTAIN_FOA"
d_red_flayers,title,"CAPTAIN"
d_red_flayers,title_female,"CAPTAIN"
d_red_plumes_of_hillsfar,foa,"CAPTAIN_FOA"
d_red_plumes_of_hillsfar,title,"CAPTAIN"
d_red_plumes_of_hillsfar,title_female,"CAPTAIN"
d_red_rain,foa,"CAPTAIN_FOA"
d_red_rain,title,"CAPTAIN"
d_red_rain,title_female,"CAPTAIN"
d_red_ravens,foa,"CAPTAIN_FOA"
d_red_ravens,title,"CAPTAIN"
d_red_ravens,title_female,"CAPTAIN"
d_red_shields,foa,"CAPTAIN_FOA"
d_red_shields,title,"CAPTAIN"
d_red_shields,title_female,"CAPTAIN"
d_red_spears,foa,"CAPTAIN_FOA"
d_red_spears,title,"CAPTAIN"
d_red_spears,title_female,"CAPTAIN"
d_red_thunder_mercenary_corps,foa,"CAPTAIN_FOA"
d_red_thunder_mercenary_corps,title,"CAPTAIN"
d_red_thunder_mercenary_corps,title_female,"CAPTAIN"
d_renegades,foa,"CAPTAIN_FOA"
d_renegades,title,"CAPTAIN"
d_renegades,title_female,"CAPTAIN"
d_respected_mamluk_society,foa,"GENERAL_FOA"
d_respected_mamluk_society,title,"GENERAL"
d_respected_mamluk_society,title_female,"GENERAL"
d_riders_of_nesme,foa,"CAPTAIN_FOA"
d_riders_of_nesme,title,"CAPTAIN"
d_riders_of_nesme,title_female,"CAPTAIN"
d_roselucks,foa,"CAPTAIN_FOA"
d_roselucks,title,"CAPTAIN"
d_roselucks,title_female,"CAPTAIN"
d_royal_corsairs,foa,"CAPTAIN_FOA"
d_royal_corsairs,title,"CAPTAIN"
d_royal_corsairs,title_female,"CAPTAIN"
d_ruby_blades,foa,"CAPTAIN_FOA"
d_ruby_blades,title,"CAPTAIN"
d_ruby_blades,title_female,"CAPTAIN"
d_ruby_rose,foa,"CAPTAIN_FOA"
d_ruby_rose,title,"CAPTAIN"
d_ruby_rose,title_female,"CAPTAIN"
d_sacred_shrike,foa,"CAPTAIN_FOA"
d_sacred_shrike,title,"CAPTAIN"
d_sacred_shrike,title_female,"CAPTAIN"
d_sacred_skull,foa,"HIGH_PRIEST_FOA"
d_sacred_skull,title,"HIGH_PRIEST"
d_sacred_skull,title_female,"HIGH_PRIESTESS"
d_sailors_of_the_crimson_sea,foa,"CAPTAIN_FOA"
d_sailors_of_the_crimson_sea,title,"CAPTAIN"
d_sailors_of_the_crimson_sea,title_female,"CAPTAIN"
d_salamandra,foa,"CAPTAIN_FOA"
d_salamandra,title,"CAPTAIN"
d_salamandra,title_female,"CAPTAIN"
d_sammarths_sword,foa,"CAPTAIN_FOA"
d_sammarths_sword,title,"CAPTAIN"
d_sammarths_sword,title_female,"CAPTAIN"
d_sand_kings,foa,"CAPTAIN_FOA"
d_sand_kings,title,"CAPTAIN"
d_sand_kings,title_female,"CAPTAIN"
d_scarlet_scourge,title,"ABBOT"
d_scarlet_scourge,title_female,"ABBESS"
d_scornubel,title,"HIGHLORD"
d_scornubel,title_female,"LADY_HIGHLORD"
d_servants_of_the_royal_egg,foa,"CAPTAIN_FOA"
d_servants_of_the_royal_egg,title,"CAPTAIN"
d_servants_of_the_royal_egg,title_female,"CAPTAIN"
d_shaeles_shields,foa,"CAPTAIN_FOA"
d_shaeles_shields,title,"CAPTAIN"
d_shaeles_shields,title_female,"CAPTAIN"
d_shar,foa,"HIGH_PRIEST_FOA"
d_shar,title,"HIGH_PRIEST"
d_shar,title_female,"HIGH_PRIESTESS"
d_shard,foa,"CAPTAIN_FOA"
d_shard,title,"CAPTAIN"
d_shard,title_female,"CAPTAIN"
d_she_wolves,foa,"CAPTAIN_FOA"
d_she_wolves,title,"CAPTAIN"
d_she_wolves,title_female,"CAPTAIN"
d_shieldbreakers,foa,"CAPTAIN_FOA"
d_shieldbreakers,title,"CAPTAIN"
d_shieldbreakers,title_female,"CAPTAIN"
d_shining_crusade,foa,"GENERAL_FOA"
d_shining_crusade,title,"GENERAL"
d_shining_crusade,title_female,"GENERAL"
d_shining_ones,foa,"CAPTAIN_FOA"
d_shining_ones,title,"CAPTAIN"
d_shining_ones,title_female,"CAPTAIN"
d_shining_steel_mercenary_company,foa,"CAPTAIN_FOA"
d_shining_steel_mercenary_company,title,"CAPTAIN"
d_shining_steel_mercenary_company,title_female,"CAPTAIN"
d_silent_rain,foa,"CAPTAIN_FOA"
d_silent_rain,title,"CAPTAIN"
d_silent_rain,title_female,"CAPTAIN"
d_siluvanede,title,"HIGHLORD"
d_siluvanede,title_female,"HIGHLADY"
d_silver_blades,foa,"CAPTAIN_FOA"
d_silver_blades,title,"CAPTAIN"
d_silver_blades,title_female,"CAPTAIN"
d_silverymoon,title_prefix,"city_county_of"
d_sirocco,foa,"CAPTAIN_FOA"
d_sirocco,title,"CAPTAIN"
d_sirocco,title_female,"CAPTAIN"
d_sisterhood_of_the_oaks,foa,"CAPTAIN_FOA"
d_sisterhood_of_the_oaks,title,"CAPTAIN"
d_sisterhood_of_the_oaks,title_female,"CAPTAIN"
d_skeletal_finger,title,"GRANDMASTER"
d_skeletal_finger,title_female,"GRANDMASTER"
d_snowstriders,foa,"CAPTAIN_FOA"
d_snowstriders,title,"CAPTAIN"
d_snowstriders,title_female,"CAPTAIN"
d_society_of_the_sword,foa,"CAPTAIN_FOA"
d_society_of_the_sword,title,"CAPTAIN"
d_society_of_the_sword,title_female,"CAPTAIN"
d_soft_claws,foa,"CAPTAIN_FOA"
d_soft_claws,title,"CAPTAIN"
d_soft_claws,title_female,"CAPTAIN"
d_souls_of_the_sun,foa,"CAPTAIN_FOA"
d_souls_of_the_sun,title,"CAPTAIN"
d_souls_of_the_sun,title_female,"CAPTAIN"
d_studious_mamluk_society,foa,"GENERAL_FOA"
d_studious_mamluk_society,title,"GENERAL"
d_studious_mamluk_society,title_female,"GENERAL"
d_sun_soul,title,"ABBOT"
d_sun_soul,title_female,"ABBESS"
d_sundabar,title,"RULINGMASTER"
d_sundabar,title_female,"RULINGMASTER"
d_talons_of_justice,foa,"CAPTAIN_FOA"
d_talons_of_justice,title,"BARB"
d_talons_of_justice,title_female,"BARB"
d_tasseldale,title,"GRAND_MAIRSHAR"
d_tasseldale,title_female,"GRAND_MAIRSHAR"
d_teeth,foa,"CAPTAIN_FOA"
d_teeth,title,"CAPTAIN"
d_teeth,title_female,"CAPTAIN"
d_tejarn_hills,title,"MARGRAVE"
d_tejarn_hills,title_female,"MARGRAVINE"
d_temple_of_corellon,foa,"HIGH_PRIEST_FOA"
d_temple_of_corellon,title,"HIGH_PRIEST"
d_temple_of_corellon,title_female,"HIGH_PRIESTESS"
d_the_five,title,"HIGH_PRIEST"
d_the_five,title_female,"HIGH_PRIESTESS"
d_the_oxventure_guild,foa,"CAPTAIN_FOA"
d_the_oxventure_guild,title,"CAPTAIN"
d_the_oxventure_guild,title_female,"CAPTAIN"
d_the_quivering_thumb,foa,"CAPTAIN_FOA"
d_the_quivering_thumb,title,"CAPTAIN"
d_the_quivering_thumb,title_female,"CAPTAIN"
d_the_unworthy,foa,"CAPTAIN_FOA"
d_the_unworthy,title,"CAPTAIN"
d_the_unworthy,title_female,"CAPTAIN"
d_threskel,title,"KING"
d_threskel,title_female,"QUEEN"
d_thunder_wolves,foa,"CAPTAIN_FOA"
d_thunder_wolves,title,"CAPTAIN"
d_thunder_wolves,title_female,"CAPTAIN"
d_trade_of_blades,foa,"CAPTAIN_FOA"
d_trade_of_blades,title,"CAPTAIN"
d_trade_of_blades,title_female,"CAPTAIN"
d_trance_banshees,foa,"CAPTAIN_FOA"
d_trance_banshees,title,"CAPTAIN"
d_trance_banshees,title_female,"CAPTAIN"
d_transmutation,title,"ZULKIR"
d_transmutation,title_female,"ZULKIR"
d_transmutation,title_prefix,"ZULKIRATEOF"
d_transmutation_exile,title,"ZULKIR"
d_transmutation_exile,title_female,"ZULKIR"
d_transmutation_exile,title_prefix,"ZULKIRATEOF"
d_turvulds_swords,foa,"CAPTAIN_FOA"
d_turvulds_swords,title,"CAPTAIN"
d_turvulds_swords,title_female,"CAPTAIN"
d_ulutiuan_reformed,foa,"POPE_FOA"
d_ulutiuan_reformed,title,"HEAD_HIGH_URIT"
d_ulutiuan_reformed,title_female,"HEAD_HIGH_URIT"
d_umber_council,title,"ARCHDRUID"
d_umber_council,title_female,"ARCHDRUID"
d_undermountain,title,"MASTER"
d_undermountain,title_female,"MISTRESS"
d_uthgardt_reformed,foa,"HEAD_PRIEST_FOA"
d_uthgardt_reformed,title,"HEAD_HIGH_PRIEST"
d_uthgardt_reformed,title_female,"HEAD_HIGH_PRIESTESS"
d_valiant_mamluk_society,foa,"GENERAL_FOA"
d_valiant_mamluk_society,title,"GENERAL"
d_valiant_mamluk_society,title_female,"GENERAL"
d_veterans_guild_of_ravens_bluff,foa,"CAPTAIN_FOA"
d_veterans_guild_of_ravens_bluff,title,"CAPTAIN"
d_veterans_guild_of_ravens_bluff,title_female,"CAPTAIN"
d_victorious_blade,foa,"GRANDHEADMASTER_FOA"
d_victorious_blade,title,"VELNIKERYMA"
d_victorious_blade,title_female,"VELNIKERYMA"
d_vigilant_mamluk_society,foa,"GENERAL_FOA"
d_vigilant_mamluk_society,title,"GENERAL"
d_vigilant_mamluk_society,title_female,"GENERAL"
d_wanderers_mamluk_society,foa,"ADMIRAL_FOA"
d_wanderers_mamluk_society,title,"ADMIRAL"
d_wanderers_mamluk_society,title_female,"ADMIRAL"
d_waterdeep,title,"LORD_MAGISTER"
d_waterdeep,title_female,"LADY_MAGISTER"
d_waterdeep,title_prefix,"GRAND_CITY_OF"
d_waukeen,foa,"HIGH_PRIEST_FOA"
d_waukeen,title,"HOLYCOIN"
d_waukeen,title_female,"HOLYCOIN"
d_web_weavers,foa,"CAPTAIN_FOA"
d_web_weavers,title,"CAPTAIN"
d_web_weavers,title_female,"CAPTAIN"
d_windriders,foa,"CAPTAIN_FOA"
d_windriders,title,"CAPTAIN"
d_windriders,title_female,"CAPTAIN"
d_wondrous_mamluk_society,foa,"GENERAL_FOA"
d_wondrous_mamluk_society,title,"GENERAL"
d_wondrous_mamluk_society,title_female,"GENERAL"
d_wraith_of_the_inner_sea,foa,"CAPTAIN_FOA"
d_wraith_of_the_inner_sea,title,"CAPTAIN"
d_wraith_of_the_inner_sea,title_female,"CAPTAIN"
d_wyvern_circle,title,"ARCHDRUID"
d_wyvern_circle,title_female,"ARCHDRUID"
d_xanathar,title,"TITLE_EYE"
d_xanathar,title_female,"TITLE_EYE"
d_youthful_mamluk_society,foa,"GENERAL_FOA"
d_youthful_mamluk_society,title,"GENERAL"
d_youthful_mamluk_society,title_female,"GENERAL"
d_yuir_reformed,foa,"HEAD_PRIEST_FOA"
d_yuir_reformed,title,"HEAD_HIGH_PRIEST"
d_yuir_reformed,title_female,"HEAD_HIGH_PRIESTESS"
d_zaharas_krakens,foa,"CAPTAIN_FOA"
d_zaharas_krakens,title,"CAPTAIN"
d_zaharas_krakens,title_female,"CAPTAIN"
e_a_brotherhood,title,"ARCHMAGE"
e_a_brotherhood,title_female,"ARCHMAGE"
e_brotherhood_of_true_flame,title,"BONFIRE"
e_brotherhood_of_true_flame,title_female,"BONFIRE"
e_emerald_enclave,title,"GRAND_CABAL"
e_emerald_enclave,title_female,"GRAND_CABAL"
e_jerrods_host,title,"GREAT_SHAMAN"
e_jerrods_host,title_female,"GREAT_SHAMAN"
e_phalorm,title,"TRIPLEKING"
e_phalorm,title_female,"TRIPLEQUEEN"
e_raumathar,title,"ARKHAN"
e_raumathar,title_female,"ARKHATUN"
e_shadow_druids,title,"ARCHDRUID"
e_shadow_druids,title_female,"ARCHDRUID"
e_shadow_thieves,title,"GRANDMASTER"
e_shadow_thieves,title_female,"GRANDMASTER"
e_shou_lung_west_governor,foa,"WESTERN_GOVERNOR_TITLE_FOA"
e_shou_lung_west_governor,title,"WESTERN_GOVERNOR_MALE"
e_shou_lung_west_governor,title_female,"WESTERN_GOVERNOR_FEMALE"
e_undermountain,title,"MASTER"
e_undermountain,title_female,"MISTRESS"
e_warlock_knights,title,"VOICE"
e_warlock_knights,title_female,"VOICE"
e_zhentarim,title,"GRANDMASTER"
e_zhentarim,title_female,"GRANDMASTER"
k_afyal,title,"PADISHAH"
k_afyal,title_female,"PADISHAH_BEGUM"
k_altumbel,title,"FIRSTCONSUL"
k_altumbel,title_female,"FIRSTCONSUL"
k_ardeep,title,"KING"
k_ardeep,title_female,"QUEEN"
k_army_of_shadows,title,"MASTER"
k_army_of_shadows,title_female,"MISTRESS"
k_bakar,title,"PHARAOH"
k_bakar,title_female,"PHARAOH"
k_baldurs_gate,title,"GRANDDUKE"
k_baldurs_gate,title_female,"GRANDDUKE"
k_barakair,title,"IRON_SHIELD"
k_barakair,title_female,"IRON_SHIELD"
k_black_altar,foa,"HIGH_PRIEST_FOA"
k_black_altar,title,"HIGH_IMPERCEPTOR"
k_black_altar,title_female,"HIGH_IMPERCEPTRIX"
k_blightlords,foa,"BLIGHTMASTER_FOA"
k_blightlords,title,"BLIGHTMASTER"
k_blightlords,title_female,"BLIGHTMISTRESS"
k_caerilcarn,title,"LORD_OF_THE_WOOD"
k_caerilcarn,title_female,"LADY_OF_THE_WOOD"
k_calimshan,title,"SYLPASHA"
k_callidyrr,title,"HIGHKING"
k_callidyrr,title_female,"HIGHQUEEN"
k_circle_of_leth,foa,"NENTYARCH_FOA"
k_circle_of_leth,title,"NENTYARCH"
k_circle_of_leth,title_female,"NENTYARCH"
k_circle_of_order,title,"MASTER"
k_circle_of_order,title_female,"MISTRESS"
k_court_of_the_three,title,"GRANDMASTER"
k_court_of_the_three,title_female,"GRANDMASTER"
k_covenant,title,"GRANDMASTER"
k_covenant,title_female,"GRANDMASTER"
k_dardath,title,"KING"
k_dardath,title_female,"QUEEN"
k_delimbiyran,title,"KING"
k_delimbiyran,title_female,"QUEEN"
k_grand_caliphate,foa,"CALIPH_FOA"
k_grand_caliphate,title,"GRAND_CALIPH"
k_grand_caliphate,title_female,"GRAND_CALIPHA"
k_iram,title,"SULTAN"
k_iram,title_female,"SULTANA"
k_khazari,title,"PRINCE"
k_khazari,title_female,"PRINCESS"
k_lotus_throne,foa,"LOTUS_FOA"
k_lotus_throne,title,"LOTUS_EMPEROR"
k_lotus_throne,title_female,"LOTUS_EMPRESS"
k_maelstrom,title,"STORM_KING"
k_maelstrom,title_female,"STORM_QUEEN"
k_melairbode,title,"KING"
k_melairbode,title_female,"QUEEN"
k_moonshae,title,"HIGHKING"
k_moonshae,title_female,"HIGHQUEEN"
k_nelanther_isles,title,"BLACK_ALARIC"
k_nelanther_isles,title_female,"BLACK_ALARIC"
k_purple_staff,title,"FIRST_FELLOW"
k_purple_staff,title_female,"FIRST_FELLOW"
k_red_shadow,title,"BLOODMASTER"
k_red_shadow,title_female,"BLOODMASTER"
k_red_wizards,title,"HIGH_ZULKIR"
k_red_wizards,title_female,"HIGH_ZULKIR"
k_roldilar,title,"KING"
k_roldilar,title_female,"QUEEN"
k_samarach,title,"PHANTASMAGE"
k_samarach,title_female,"PHANTASMAGE"
k_sarifal,title,"HIGH_LORD"
k_sarifal,title_female,"HIGH_LADY"
k_silver_marches,title,"HIGHLORD"
k_silver_marches,title_female,"HIGHLADY"
k_silver_marches,title_prefix,"CONFEDERATIONOF"
k_solon,title,"RAJAH"
k_solon,title_female,"RAJAH"
k_storting,title,"STORMAZIN"
k_storting,title_female,"STORMAZIN"
k_tethyr,title,"KING"
k_tethyr,title_female,"QUEEN"
k_thultanthar,title,"HIGH_PRINCE"
k_thultanthar,title_female,"HIGH_PRINCESS"
k_turmish,foa,"LORD_FOA"
k_turmish,title,"LORD"
k_turmish,title_female,"LADY"
k_tymanther,title,"VANQUISHER"
k_tymanther,title_female,"VANQUISHER"
k_ubtao_church,foa,"POPE_FOA"
k_ubtao_church,title,"NEGUSA_NAGAST"
k_ubtao_church,title_female,"NEGESTA_NAGASTAT"
k_undermountain,title,"MASTER"
k_undermountain,title_female,"MISTRESS"
k_valashar,title,"NAZIR"
k_valashar,title_female,"NAZIRA"
k_var,title,"SUPREMEPOTENTATE"
k_var,title_female,"SUPREMEPOTENTATE"
k_veldorn,title,"ORMELARCH"
k_veldorn,title_female,"ORMELARCH"
k_vesperin,title,"GOLDEN_LORD"
k_vesperin,title_female,"GOLDEN_LORD"
k_waterdeep,title,"OPEN_LORD"
k_waterdeep,title_female,"OPEN_LORD"
k_waterdeep,title_prefix,"FREE_CITY_OF"
k_windlass,title,"GRANDMASTER"
k_windlass,title_female,"GRANDMASTER"
