ck2_scope,ck2_key,ck2_uses_in_faerun,ck2_value_shape,ck3_file,ck3_key,ck3_value_shape,status,default_when_none,ck3_evidence,note
culture_group,<group_id> = { ... },67 groups,block; the ONLY grouping level in CK2,common/culture/pillars/fae_heritages.txt + fae_languages.txt,heritage; language,pillar objects: type = heritage / type = language,approx,heritage_fae_<group>; language_fae_<group>,"common/culture/pillars/_pillars.info ; common/culture/pillars/00_heritage.txt:1 (heritage_akan) ; 00_language.txt:1 (language_anglic). Counts: 59 heritages, 91 languages in vanilla.","VERIFIED CK2 side: a culture GROUP has only TWO real attribute keys, `graphical_cultures` (67/67) and `alternate_start` (9/67); everything else at that brace depth is a culture id. Rule: one heritage AND one language pillar per CK2 group. Minimal heritage = `type = heritage` (3 lines); minimal language = `type = language` + `color = <named_color>`. design_races.md item 1 adds `parameters = { species_<race> = yes }` to the heritage. Faerun groups per file: human.txt 22, monsters.txt 10, 99_animals.txt 9, outsiders.txt 8, elves.txt 4, giants.txt 4, karaturan-in-human, dragons.txt 2, littlefolk.txt 2, scalykind.txt 2, demihuman.txt 2, dwarves.txt 1, province_monster_culture.txt 1; 00_cultures.txt is EMPTY (0 bytes)."
culture,<culture_id> = { ... },419 cultures,block,common/culture/cultures/fae_<group>.txt,<culture_id> = { },block,exact,-,common/culture/cultures/_cultures.info:11 (first_culture = {) ; 244 cultures in 56 vanilla files,1:1. VERIFIED 419 cultures in Faerun (docs/faerun_ck2_survey.md's '~495' was an upper bound). Culture ids are globally unique in both games.
culture,parent,3 (CK2 base only usage pattern),culture id,common/culture/cultures/*.txt,parents,{ culture_id ... },approx,omit,common/culture/cultures/00_north_germanic.txt:56 (parents = { norse }) ; 42 live uses,CK2 `parent` is a single culture; CK3 `parents` is a list (used for hybrid cultures). Only meaningful together with `created`; both optional.
both,color,67 + 419,{ r g b } floats 0-1,common/culture/cultures/*.txt,color,{ r g b } floats/ints or a common/named_colors key,exact,{ 0.5 0.5 0.5 },"common/culture/cultures/_cultures.info:14 ; 00_north_germanic.txt:2 (color = norse), :54 (color = { 0.25 0.5 0.75 })",Float triple copies verbatim. The GROUP colour has no CK3 home (heritages have no colour) - reuse it as the language pillar's `color` or drop it.
culture_group,graphical_cultures,67 (one per group); 319 distinct values in Faerun,{ gfxculture ... },common/culture/cultures/*.txt,building_gfx; clothing_gfx; coa_gfx,{ key key },approx,building_gfx = { western_building_gfx }; clothing_gfx = { western_clothing_gfx }; coa_gfx = { western_coa_gfx },"common/culture/cultures/_cultures.info:76-81 ; 00_north_germanic.txt:39-42. Most-used vanilla values (verified counts): western_coa_gfx 69, western_building_gfx 52, western_clothing_gfx 46, western_unit_gfx 30.","CK2 has ONE gfx list covering portraits, buildings, units and flags; CK3 splits it into four independent axes and portraits are NOT one of them (they are `ethnicities`). Faerun uses 319 distinct values (drowgfx, dwarfgfx, beholdergfx, mindflayergfx ...) - none of which exist in CK3, so ALL of them must be remapped via overrides/gfx_of_culture_group.csv with the western_* set as the fallback."
culture,graphical_cultures (culture-level override),419,{ gfxculture ... },common/culture/cultures/*.txt,building_gfx; clothing_gfx; coa_gfx,{ specific group_fallback },approx,-,00_north_germanic.txt:39-42,CK3 accepts several keys per axis as a fallback chain; emit `{ <specific> <group_fallback> }`.
culture,unit_graphical_cultures,22 (all in human.txt); 14 distinct values,{ gfxculture ... },common/culture/cultures/*.txt,unit_gfx,{ key key },approx,unit_gfx = { western_unit_gfx },common/culture/cultures/_cultures.info:80 ; 00_north_germanic.txt:42,"VERIFIED it is a CULTURE-level key, not a group one. Faerun values: arabicgfx, berbergfx, bodpagfx, easternslavicgfx, englishgfx, fiendgfx, levantinegfx, mongolgfx, muslimgfx, normangfx, saxongfx, southerngfx, tanarrigfx, westerngfx. Faerun's 78 custom .xac unit models are not portable (mechanics_inventory), so map onto vanilla unit_gfx ids."
culture,(none),0,-,common/culture/cultures/*.txt,ethnicities,{ weight = ethnicity_id ... },none,ethnicities = { 10 = <nearest vanilla ethnicity> },common/culture/cultures/_cultures.info:71-74 ; 00_north_germanic.txt:44-49 ; 244/244 vanilla cultures define it,Mandatory in practice. CK2 has no ethnicity concept (portraits are 2D sprite layers keyed off graphical_cultures). Filled from overrides/ethnicity_of_culture_group.csv per design_races.md tier 2; EK2 precedent: `ethnicities = { 15 = race_dunmer_redoran  10 = race_dunmer  10 = race_dunmer_ear ... }`.
culture,(none),0,-,common/culture/cultures/*.txt,house_coa_frame; house_coa_mask_offset; house_coa_mask_scale; dynasty_coa_frame,frame name; { x y }; { x y }; frame name,none,omit,"common/culture/cultures/_cultures.info:88-90 ; 00_north_germanic.txt:43 ; VERIFIED omittable: 11 vanilla cultures (andalusian, basque, castilian, catalan, portuguese, visigothic, galician, asturleonese, aragonese, suebi) define no house_coa_frame","Needs `<frame>.dds` + `<frame>_mask.dds` in gfx/interface/coat_of_arms/frames, so only emit an existing vanilla frame id or nothing. EK2 reuses vanilla frames (house_frame_16)."
culture,(none),0,-,common/culture/cultures/*.txt,ethos,ethos_bellicose|ethos_stoic|ethos_bureaucratic|ethos_spiritual|ethos_courtly|ethos_egalitarian|ethos_communal,none,ethos_communal,"common/culture/pillars/00_ethos.txt (7 ids, all verified) ; common/culture/cultures/_cultures.info:47 ; 244/244 vanilla cultures define it","MANDATORY, no CK2 source. Heuristic (`assumed`, overridable in overrides/culture_ethos.csv): allow_looting = yes OR seafarer = yes -> ethos_bellicose; feminist = yes -> ethos_egalitarian; castes = yes -> ethos_stoic; horde/nomadic -> ethos_bellicose; a culture whose group is a priest/temple race -> ethos_spiritual; else ethos_communal."
culture,(none),0,-,common/culture/cultures/*.txt,heritage,heritage_fae_<group>,none,heritage_fae_<group>,common/culture/cultures/_cultures.info:48 ; 244/244 define it,MANDATORY. One per CK2 culture group = the race tag.
culture,(none),0,-,common/culture/cultures/*.txt,language,language_fae_<group>,none,language_fae_<group>,common/culture/cultures/_cultures.info:49 ; 244/244 define it,MANDATORY. One per CK2 culture group by default (a shared tongue per race matches both the CK2 group structure and the D&D convention). Overridable per culture.
culture,feminist,80 (a RELIGION key too - see religion_fields.csv),yes/no,common/culture/cultures/*.txt,martial_custom,martial_custom_male_only|martial_custom_equal|martial_custom_female_only,approx,martial_custom_male_only,common/culture/pillars/00_martial_custom.txt (3 ids) ; common/culture/cultures/_cultures.info:50 documents it as `martial_tradition` which is WRONG - 244/244 vanilla cultures use `martial_custom`,"MANDATORY. feminist = yes -> martial_custom_equal, else martial_custom_male_only. STALE-DOC GOTCHA: _cultures.info says `martial_tradition`; only the trigger kept that name (has_same_culture_martial_tradition)."
culture,horde,0 in Faerun (4 in CK2 base),yes/no,common/culture/cultures/*.txt,head_determination; traditions,head_determination_herd; tradition_horse_lords,approx,head_determination_domain,common/culture/pillars/00_head_determination.txt (2 ids) ; common/culture/cultures/_cultures.info:51 ; 244/244 define head_determination,"head_determination is MANDATORY. VERIFIED Faerun never sets `horde`, so derive the herd variant from the GOVERNMENT instead (nomadic_tribal_government / semi_nomadic_government -> head_determination_herd)."
culture,(none),0,-,common/culture/cultures/*.txt,traditions,{ tradition_id ... },none,traditions = { },common/culture/cultures/_cultures.info:19 ; VERIFIED omittable: `greek` and `japanese` in common/culture/cultures/ define no traditions ; 197 vanilla tradition ids exist,"NOT strictly mandatory (2/244 vanilla cultures omit it). Only emit traditions that a CK2 flag justifies (rows below). EK2 precedent: 185 distinct ids referenced, 77 vanilla + 108 custom - but the converter must not invent traditions, so stick to the vanilla 197."
culture,seafarer,4 (also a religion key),yes/no,common/culture/cultures/*.txt,traditions,tradition_seafaring,approx,omit,"common/culture/traditions/*.txt (tradition_seafaring; alternatives tradition_maritime_way_of_life, tradition_fishermen)",Closest vanilla tradition.
culture,allow_looting,25 (CK2 base); also a religion key (48 in Faerun),yes/no,common/culture/cultures/*.txt,traditions,tradition_practiced_pirates,approx,omit,common/culture/traditions/*.txt (tradition_practiced_pirates),"CK3 raiding permission is a GOVERNMENT flag (government_can_raid_rule on tribal/wanua/nomad), not a culture property, so the tradition is flavour only. The real switch is the government mapping."
culture,castes,0 in Faerun (13 in CK2 base),yes/no,common/culture/cultures/*.txt,traditions,tradition_ruling_caste; tradition_stratified_society,approx,omit,common/culture/traditions/*.txt,VERIFIED unused by Faerun (and by Faerun religions) - nothing to convert. Kept for CK2-base completeness.
culture,nomadic_in_alt_start,14 (CK2 base),yes/no,-,(none),-,none,-,-,CK2 random/shattered world only. Drop.
culture,disinherit_from_blinding,8 (CK2 base),yes/no,-,(none),-,none,-,-,CK3 removed blinding as a mechanic (tradition_merciful_blindings is unrelated flavour). Comment.
culture,dukes_called_kings,22 (CK2 base),yes/no,common/flavorization/fae_*.txt,<key> = { type = title tier = duchy name_lists = { name_list_fae_<culture> } },block + a loc key of the same name,approx,omit,common/flavorization/_flavourization.info (type/tier/name_lists/priority) ; common/flavorization/00_flavorization.txt:4 (prince_male_roman),"CK2's per-culture title renaming lives in CK3's common/flavorization, matched on name_lists / heritages / governments / titles. Same mechanism serves landed_titles `title`/`title_female`/`foa` (see title_fields.csv)."
culture,baron_titles_hidden,8 (CK2 base),yes/no,-,(none),-,none,-,-,CK3 always shows barony titles. Comment.
culture,count_titles_hidden,8 (CK2 base),yes/no,-,(none),-,none,-,-,CK3 always shows county titles. Comment.
culture,used_for_random,13 (CK2 base),yes/no,-,(none),-,none,-,-,No CK3 random world. Drop silently.
culture,allow_in_ruler_designer,9 (CK2 base),yes/no,-,(none),-,none,-,-,No per-culture ruler-designer gate in CK3. Drop.
culture,alternate_start,9 groups + 16 cultures in Faerun; Faerun always `{ always = no }`,trigger block,-,(none),-,none,-,-,VERIFIED Faerun simplified every one to `alternate_start = { always = no }` (the CK2-base OR/has_alternate_start_parameter idiom is gone). No CK3 random world. Drop.
culture,tribal_name,2 (CK2 base),loc key,common/flavorization/fae_*.txt,<key> = { type = title governments = { tribal_government } name_lists = { ... } },block,approx,omit,common/flavorization/_flavourization.info (governments),Flavourization keyed on the government.
culture,secondary_event_pictures,49 (CK2 base),gfx key,-,(none),-,none,-,-,"CK3 event art is chosen by common/event_backgrounds + event_themes, not per culture. Comment."
culture,modifier,124 (CK2 base),SCALAR reference to a common/static_modifiers entry; applies to PROVINCES of the culture,common/culture/traditions/fae_generated.txt,<generated tradition> province_modifier = { ... }  (or county_modifier),modifier block on a tradition,approx,omit,common/culture/_cultural_traits.info (province_modifier / county_modifier / character_modifier on cultural traits) ; common/culture/cultures/_cultures.info:67,"IMPORTANT: CK2 `modifier` is a PROVINCE modifier reference, so `character_modifier` on the CK3 culture is the wrong target. The only place a culture can carry a province modifier in CK3 is a TRADITION. Resolve the CK2 static modifier, then emit one generated tradition per distinct modifier and add it to the cultures that referenced it. Constraint from _cultural_traits.info: culture traits may only use hardcoded modifiers or ones generated from schemes/holdings/lifestyles/regions/terrains/men_at_arms_types/governments - anything else is refused."
culture,character_modifier,"9 (99_animals.txt only, both games)",INLINE block of modifier = value,common/culture/cultures/*.txt,character_modifier,{ <modifier> = value },exact,omit,common/culture/cultures/_cultures.info:67-69 ; info_only: documented but used by 0/244 vanilla cultures,"Same key name and shape. Fields seen in CK2: fertility, combat_rating, land_morale, siege_speed, general_opinion, vassal_opinion, health, learning, global_tax_modifier, murder_plot_power_modifier, defensive_plot_power_modifier - each needs the shared modifier table (traits-modifiers lane); unmapped ones become comments."
culture,male_names,419,{ Name Name_Base ... } or weighted `10 = { ... }`,common/culture/name_lists/fae_<group>.txt,male_names,"same, incl. the Name_Base variant syntax",exact,male_names = { Placeholder },common/culture/name_lists/_name_lists.info:28-36 ; 217/218 vanilla name lists define it,Moves out of the culture into a `name_list_fae_<culture>` object referenced by `name_list =`. Weighted groups optional in both.
culture,female_names,419,same,common/culture/name_lists/fae_<group>.txt,female_names,same,exact,female_names = { Placeholder },common/culture/name_lists/_name_lists.info:37-40 ; 217/218 vanilla,Same as male_names.
culture,(none),0,-,common/culture/cultures/*.txt,name_list,name_list_fae_<culture>,none,name_list_fae_<culture>,common/culture/cultures/_cultures.info:52 ; 244/244 vanilla cultures define it,"MANDATORY. Several may be listed; the first is primary. One per CK2 culture, since CK2 stores names per culture."
culture,(dynasty names live in common/dynasties),0 per culture,-,common/culture/name_lists/*.txt,dynasty_names; cadet_dynasty_names,{ dynn_key | { dynnp_prefix dynn_key } ... },approx,dynasty_names = { },common/culture/name_lists/_name_lists.info:41-45 ; 218 live dynasty_names / 202 cadet_dynasty_names uses ; cadet_dynasty_names is NOT documented in _name_lists.info but is live,CK2 has no per-culture dynasty pool. Build it by grouping Faerun's 11952 dynasties by their `culture` field and emitting their generated `dynn_fae_*` loc keys (see character_fields.csv common/dynasties rows).
culture,from_dynasty_prefix,85 (CK2 base),"literal string e.g. ""af """,common/culture/name_lists/*.txt,dynasty_of_location_prefix,"""dynnp_<key>""",approx,omit,common/culture/name_lists/_name_lists.info:46 ; 128 live uses,"CK2 stores literal text, CK3 wants a LOC KEY. Emit `dynnp_fae_<culture>` and write the literal to localisation."
culture,bastard_dynasty_prefix,0 in Faerun (2 in CK2 base),literal string,common/culture/name_lists/*.txt,bastard_dynasty_prefix,"""dynnp_<key>""",exact,omit,"common/culture/name_lists/00_west_germanic.txt:83 (bastard_dynasty_prefix = ""dynnp_fitz"") ; 3 live uses ; absent from _name_lists.info",Identical key name in both games. Same literal->loc-key conversion.
culture,male_patronym / female_patronym + prefix (bool),43 / 37 / 46 (CK2 base),literal string + bool saying prefix-vs-suffix,common/culture/name_lists/*.txt,patronym_prefix_male; patronym_suffix_male; patronym_prefix_female; patronym_suffix_female,"""dynnpat_pre_*"" / ""dynnpat_suf_*""",approx,omit,"common/culture/name_lists/_name_lists.info:59-65 ; live uses: patronym_suffix_male 45, patronym_suffix_female 36, patronym_prefix_male 33, patronym_prefix_female 29","CK2 has one string per gender plus `prefix = yes/no`. Route by that flag: prefix = yes -> patronym_prefix_*, else patronym_suffix_*. The `_vowel` variants (NI:60,62) have no CK2 source."
culture,(implicit in CK2 whenever a patronym is set),-,-,common/culture/name_lists/*.txt,always_use_patronym,yes/no (CK3 default NO),approx,always_use_patronym = yes,common/culture/name_lists/_name_lists.info:66-72 ; 28 live uses,GOTCHA: without this the converted patronym never shows. Also settable per government (`always_use_patronym` in common/governments - clan/tribal/wanua set it).
culture,pat_grf_name_chance,64 (CK2 base),int 0-100,common/culture/name_lists/*.txt,pat_grf_name_chance,int,exact,omit,common/culture/name_lists/_name_lists.info:49 ; 85 live uses,Copy verbatim. pat_grf + mat_grf + father must sum <= 100.
culture,mat_grf_name_chance,64,int 0-100,common/culture/name_lists/*.txt,mat_grf_name_chance,int,exact,omit,common/culture/name_lists/_name_lists.info:50 ; 85 live uses,Copy verbatim.
culture,father_name_chance,64,int 0-100,common/culture/name_lists/*.txt,father_name_chance,int,exact,omit,common/culture/name_lists/_name_lists.info:51 ; 85 live uses,Copy verbatim.
culture,pat_grm_name_chance,64,int 0-100,common/culture/name_lists/*.txt,pat_grm_name_chance,int,exact,omit,common/culture/name_lists/_name_lists.info:54 ; 85 live uses,Copy verbatim; female triple must also sum <= 100.
culture,mat_grm_name_chance,64,int 0-100,common/culture/name_lists/*.txt,mat_grm_name_chance,int,exact,omit,common/culture/name_lists/_name_lists.info:55 ; 85 live uses,Copy verbatim.
culture,mother_name_chance,64,int 0-100,common/culture/name_lists/*.txt,mother_name_chance,int,exact,omit,common/culture/name_lists/_name_lists.info:56 ; 85 live uses,Copy verbatim.
culture,founder_named_dynasties,47 (CK2 base),yes/no,common/culture/name_lists/*.txt,founder_named_dynasties,yes/no (default no),exact,omit,common/culture/name_lists/_name_lists.info:5-8 ; 49 live uses,"Same key, same semantics, moved to the name list."
culture,dynasty_name_first,8 (CK2 base),yes/no,common/culture/name_lists/*.txt + common/culture/cultures/*.txt,dynasty_name_first; name_order_convention,yes/no; dynasty_always_first|dynasty_first|japanese|suffix,approx,omit,"common/culture/name_lists/00_magyar.txt:193 (dynasty_name_first = yes, 21 live uses) ; common/culture/cultures/_cultures.info:45 ; live name_order_convention values: dynasty_always_first 22, japanese 4, suffix 1","Two live mechanisms. `dynasty_name_first = yes` on the name list is the literal CK2 equivalent and still works. The richer, better-supported route is `name_order_convention` on the culture, but it needs matching CHARACTER_* loc keys per convention (documented at length in _cultures.info:19-45). Emit `name_order_convention = dynasty_always_first` (`assumed`)."
culture,dynasty_title_names,27 (CK2 base),yes/no,common/landed_titles/*.txt + common/culture/name_lists/*.txt,can_be_named_after_dynasty; house_based_map_names,yes/no,approx,omit,"common/landed_titles/_landed_titles.info:119-122 (can_be_named_after_dynasty, default YES, 171 live uses) ; common/culture/name_lists/_name_lists.info:10-13 (house_based_map_names, default no, 64 live uses)","GOTCHA: `can_be_named_after_dynasty` defaults to YES in CK3, so a CK2 culture WITHOUT the flag needs `can_be_named_after_dynasty = no` on its titles, not silence. Also gated by the government rule `dynasty_named_realms` (feudal/clan/tribal/mandala/wanua have it; administrative/celestial/nomad set it to no)."
culture_group,mercenary_names (CK2 keeps these in common/mercenaries),-,-,common/culture/name_lists/*.txt,mercenary_names,"{ { name = ""..."" coat_of_arms = ""..."" } }",approx,omit,common/culture/name_lists/_name_lists.info:22-27 ; 82 live uses,Fill from Faerun/Faerun/common/landed_titles/mercenaries.txt + common/mercenaries when converting mercenary companies (government_map.csv).
culture,grammar_transform,0 in Faerun (10 in CK2 base),lang key,common/culture/name_lists/*.txt,grammar_transform,lang key,exact,omit,common/culture/name_lists/00_latin.txt:954 (grammar_transform = french) ; 8 live uses,Same key name; only affects localisation grammar.
culture,(none),0,-,common/culture/name_lists/*.txt,suggest_family_names; suggest_ancestor_names; house_based_map_names,yes/no,none,omit,"common/culture/name_lists/_name_lists.info:10-20 ; live uses: house_based_map_names 64, suggest_family_names 7, suggest_ancestor_names 7",No CK2 source; CK3 defaults (yes/yes/no) are fine.
culture,(none),0,-,common/culture/cultures/*.txt,created; history_loc_override,date; loc key,none,omit,"common/culture/cultures/_cultures.info:16-17 ; 44 live `created`, 6 live `history_loc_override`","Optional. EK2 uses a dummy `created = 10.1.1 #Placeholder to display history loc` to force the history localisation path - a hack, not a requirement."
culture,(none),0,-,common/culture/cultures/*.txt,dlc_tradition; dlc_fallback_pillar,block,none,omit,common/culture/cultures/_cultures.info:54-65 ; 168 live dlc_tradition uses ; dlc_fallback_pillar is info_only (0 vanilla uses),"No CK2 source, but the converter should use `dlc_tradition` whenever it wants a DLC-gated tradition to degrade gracefully (EK2 does: ek_atmoran.txt:19)."
history/technology (CK2),per-province tech levels (15 files),2125 provinces x 3 categories,0-8 per category,history/cultures/fae_<culture>.txt,discover_innovation; join_era,innovation id; culture_era id,approx,-,history/cultures/afghan.txt:3-14 (discover_innovation) ; common/culture/innovations/_culture_innovations.info ; common/culture/eras/_culture_eras.info,"SCOPE CHANGE: CK2 technology is per PROVINCE, CK3 innovations are per CULTURE. Aggregate Faerun's history/technology by the province's culture (mode or max), map the level to a CK3 era, and emit the era's innovations. Also feeds `change_development_level` in history/titles (title_fields.csv)."
