ck2_key,ck3_key
abdominal_pain,trait_abdominal_pain
abdominal_pain_desc,trait_abdominal_pain_desc
absent,trait_absent
absent_desc,trait_absent_desc
acute,trait_acute
acute_desc,trait_acute_desc
administrator,trait_administrator
administrator_desc,trait_administrator_desc
adventurer,trait_adventurer
adventurer_desc,trait_adventurer_desc
affectionate,trait_affectionate
affectionate_desc,trait_affectionate_desc
afflicted_lycanthrope,trait_afflicted_lycanthrope
afflicted_lycanthrope_desc,trait_afflicted_lycanthrope_desc
aggressive_leader,trait_aggressive_attacker
aggressive_leader_desc,trait_aggressive_attacker_desc
amateurish_plotter,trait_education_intrigue_1
amateurish_plotter_desc,trait_education_intrigue_1_desc
ambitious,trait_ambitious
ambitious_desc,trait_ambitious_desc
androgynous,trait_androgynous
androgynous_desc,trait_androgynous_desc
arbitrary,trait_arbitrary
arbitrary_desc,trait_arbitrary_desc
archfiend,trait_archfiend
archfiend_desc,trait_archfiend_desc
architect,trait_architect
architect_desc,trait_architect_desc
archlich,trait_archlich
archlich_desc,trait_archlich_desc
ares_own,trait_ares_own
ares_own_desc,trait_ares_own_desc
ashari,trait_ashari
ashari_desc,trait_ashari_desc
augustus,trait_augustus
augustus_desc,trait_augustus_desc
bad_priest_aztec,trait_bad_priest_aztec
bad_priest_aztec_desc,trait_bad_priest_aztec_desc
bad_priest_christian,trait_bad_priest_christian
bad_priest_christian_desc,trait_bad_priest_christian_desc
bad_priest_muslim,trait_bad_priest_muslim
bad_priest_muslim_desc,trait_bad_priest_muslim_desc
bad_priest_norse,trait_bad_priest_norse
bad_priest_norse_desc,trait_bad_priest_norse_desc
bad_priest_tengri,trait_bad_priest_tengri
bad_priest_tengri_desc,trait_bad_priest_tengri_desc
bad_priest_zoroastrian,trait_bad_priest_zoroastrian
bad_priest_zoroastrian_desc,trait_bad_priest_zoroastrian_desc
baptized_by_bishop,trait_baptized_by_bishop
baptized_by_bishop_desc,trait_baptized_by_bishop_desc
baptized_by_patriarch,trait_baptized_by_patriarch
baptized_by_patriarch_desc,trait_baptized_by_patriarch_desc
baptized_by_pope,trait_baptized_by_pope
baptized_by_pope_desc,trait_baptized_by_pope_desc
baptized_by_satan,trait_baptized_by_satan
baptized_by_satan_desc,trait_baptized_by_satan_desc
bastard,trait_bastard
bastard_desc,trait_bastard_desc
beatified,trait_beatified
beatified_desc,trait_beatified_desc
beautiful,trait_beautiful
beautiful_desc,trait_beautiful_desc
berserker,trait_berserker
berserker_desc,trait_berserker_desc
bhaalspawn,trait_bhaalspawn
bhaalspawn_desc,trait_bhaalspawn_desc
blessed_ancestor,trait_blessed_ancestor
blessed_ancestor_desc,trait_blessed_ancestor_desc
blinded,trait_blinded
blinded_desc,trait_blinded_desc
bloodthirsty_gods_1,trait_bloodthirsty_gods_1
bloodthirsty_gods_1_desc,trait_bloodthirsty_gods_1_desc
bloodthirsty_gods_2,trait_bloodthirsty_gods_2
bloodthirsty_gods_2_desc,trait_bloodthirsty_gods_2_desc
bloodthirsty_gods_3,trait_bloodthirsty_gods_3
bloodthirsty_gods_3_desc,trait_bloodthirsty_gods_3_desc
born_in_the_purple,trait_born_in_the_purple
born_in_the_purple_desc,trait_born_in_the_purple_desc
brave,trait_brave
brave_desc,trait_brave_desc
bright,trait_bright
bright_desc,trait_bright_desc
brilliant,trait_brilliant
brilliant_desc,trait_brilliant_desc
brilliant_strategist,trait_education_martial_4
brilliant_strategist_desc,trait_education_martial_4_desc
brooding,trait_brooding
brooding_desc,trait_brooding_desc
cancer,trait_cancer
cancer_desc,trait_cancer_desc
cannibal_trait,trait_cannibal_trait
cannibal_trait_desc,trait_cannibal_trait_desc
cannot_marry,trait_cannot_marry
cannot_marry_desc,trait_cannot_marry_desc
careless,trait_careless
careless_desc,trait_careless_desc
cat,trait_cat
cat_desc,trait_cat_desc
cavalry_leader,trait_cavalry_leader
cavalry_leader_desc,trait_cavalry_leader_desc
celibate,trait_celibate
celibate_desc,trait_celibate_desc
charismatic_negotiator,trait_education_diplomacy_3
charismatic_negotiator_desc,trait_education_diplomacy_3_desc
charitable,trait_generous
charitable_desc,trait_generous_desc
chaste,trait_chaste
chaste_desc,trait_chaste_desc
chest_pain,trait_chest_pain
chest_pain_desc,trait_chest_pain_desc
child_of_consort,trait_child_of_consort
child_of_consort_desc,trait_child_of_consort_desc
child_of_consort_male,trait_child_of_consort_male
child_of_consort_male_desc,trait_child_of_consort_male_desc
clubfooted,trait_clubfooted
clubfooted_desc,trait_clubfooted_desc
conscientious,trait_conscientious
conscientious_desc,trait_conscientious_desc
construct,trait_construct
construct_desc,trait_construct_desc
content,trait_content
content_desc,trait_content_desc
cough,trait_cough
cough_desc,trait_cough_desc
cramps,trait_cramps
cramps_desc,trait_cramps_desc
craven,trait_craven
craven_desc,trait_craven_desc
creature_aarakocra,trait_creature_aarakocra
creature_aarakocra_desc,trait_creature_aarakocra_desc
creature_aasimar,trait_creature_aasimar
creature_aasimar_desc,trait_creature_aasimar_desc
creature_aboleth,trait_creature_aboleth
creature_aboleth_desc,trait_creature_aboleth_desc
creature_abomination,trait_creature_abomination
creature_abomination_desc,trait_creature_abomination_desc
creature_beholder,trait_creature_beholder
creature_beholder_desc,trait_creature_beholder_desc
creature_bugbear,trait_creature_bugbear
creature_bugbear_desc,trait_creature_bugbear_desc
creature_celestial,trait_creature_celestial
creature_celestial_desc,trait_creature_celestial_desc
creature_centaur,trait_creature_centaur
creature_centaur_desc,trait_creature_centaur_desc
creature_construct,trait_creature_construct
creature_construct_desc,trait_creature_construct_desc
creature_deep_imaskari,trait_creature_deep_imaskari
creature_deep_imaskari_desc,trait_creature_deep_imaskari_desc
creature_draegloth,trait_creature_draegloth
creature_draegloth_desc,trait_creature_draegloth_desc
creature_dragon,trait_creature_dragon
creature_dragon_desc,trait_creature_dragon_desc
creature_dragonborn,trait_creature_dragonborn
creature_dragonborn_desc,trait_creature_dragonborn_desc
creature_drow,trait_creature_drow
creature_drow_desc,trait_creature_drow_desc
creature_dwarf,trait_creature_dwarf
creature_dwarf_desc,trait_creature_dwarf_desc
creature_elder_brain,trait_creature_elder_brain
creature_elder_brain_desc,trait_creature_elder_brain_desc
creature_elf,trait_creature_elf
creature_elf_desc,trait_creature_elf_desc
creature_feyri,trait_creature_feyri
creature_feyri_desc,trait_creature_feyri_desc
creature_fiend,trait_creature_fiend
creature_fiend_desc,trait_creature_fiend_desc
creature_genasi,trait_creature_genasi
creature_genasi_desc,trait_creature_genasi_desc
creature_genie,trait_creature_genie
creature_genie_desc,trait_creature_genie_desc
creature_giant,trait_creature_giant
creature_giant_desc,trait_creature_giant_desc
creature_gith,trait_creature_gith
creature_gith_desc,trait_creature_gith_desc
creature_gnoll,trait_creature_gnoll
creature_gnoll_desc,trait_creature_gnoll_desc
creature_gnome,trait_creature_gnome
creature_gnome_desc,trait_creature_gnome_desc
creature_goblin,trait_creature_goblin
creature_goblin_desc,trait_creature_goblin_desc
creature_goliath,trait_creature_goliath
creature_goliath_desc,trait_creature_goliath_desc
creature_hag,trait_creature_hag
creature_hag_desc,trait_creature_hag_desc
creature_hagspawn,trait_creature_hagspawn
creature_hagspawn_desc,trait_creature_hagspawn_desc
creature_half_dwarf,trait_creature_half_dwarf
creature_half_dwarf_desc,trait_creature_half_dwarf_desc
creature_half_elf,trait_creature_half_elf
creature_half_elf_desc,trait_creature_half_elf_desc
creature_half_giant,trait_creature_half_giant
creature_half_giant_desc,trait_creature_half_giant_desc
creature_half_gnoll,trait_creature_half_gnoll
creature_half_gnoll_desc,trait_creature_half_gnoll_desc
creature_half_ogre,trait_creature_half_ogre
creature_half_ogre_desc,trait_creature_half_ogre_desc
creature_half_orc,trait_creature_half_orc
creature_half_orc_desc,trait_creature_half_orc_desc
creature_halfling,trait_creature_halfling
creature_halfling_desc,trait_creature_halfling_desc
creature_hengeyokai,trait_creature_hengeyokai
creature_hengeyokai_desc,trait_creature_hengeyokai_desc
creature_hobgoblin,trait_creature_hobgoblin
creature_hobgoblin_desc,trait_creature_hobgoblin_desc
creature_human,trait_creature_human
creature_human_desc,trait_creature_human_desc
creature_illithid,trait_creature_illithid
creature_illithid_desc,trait_creature_illithid_desc
creature_kobold,trait_creature_kobold
creature_kobold_desc,trait_creature_kobold_desc
creature_kuotoa,trait_creature_kuotoa
creature_kuotoa_desc,trait_creature_kuotoa_desc
creature_lamia,trait_creature_lamia
creature_lamia_desc,trait_creature_lamia_desc
creature_lizardfolk,trait_creature_lizardfolk
creature_lizardfolk_desc,trait_creature_lizardfolk_desc
creature_malenti,trait_creature_malenti
creature_malenti_desc,trait_creature_malenti_desc
creature_malison,trait_creature_malison
creature_malison_desc,trait_creature_malison_desc
creature_minotaur,trait_creature_minotaur
creature_minotaur_desc,trait_creature_minotaur_desc
creature_monster,trait_creature_monster
creature_monster_desc,trait_creature_monster_desc
creature_naga,trait_creature_naga
creature_naga_desc,trait_creature_naga_desc
creature_ogre,trait_creature_ogre
creature_ogre_desc,trait_creature_ogre_desc
creature_ogrillon,trait_creature_ogrillon
creature_ogrillon_desc,trait_creature_ogrillon_desc
creature_orc,trait_creature_orc
creature_orc_desc,trait_creature_orc_desc
creature_outsider,trait_creature_outsider
creature_outsider_desc,trait_creature_outsider_desc
creature_pterafolk,trait_creature_pterafolk
creature_pterafolk_desc,trait_creature_pterafolk_desc
creature_pureblood,trait_creature_pureblood
creature_pureblood_desc,trait_creature_pureblood_desc
creature_sahuagin,trait_creature_sahuagin
creature_sahuagin_desc,trait_creature_sahuagin_desc
creature_sarrukh,trait_creature_sarrukh
creature_sarrukh_desc,trait_creature_sarrukh_desc
creature_satyr,trait_creature_satyr
creature_satyr_desc,trait_creature_satyr_desc
creature_saurial,trait_creature_saurial
creature_saurial_desc,trait_creature_saurial_desc
creature_slaad,trait_creature_slaad
creature_slaad_desc,trait_creature_slaad_desc
creature_spirit_folk,trait_creature_spirit_folk
creature_spirit_folk_desc,trait_creature_spirit_folk_desc
creature_tabaxi,trait_creature_tabaxi
creature_tabaxi_desc,trait_creature_tabaxi_desc
creature_tanarukk,trait_creature_tanarukk
creature_tanarukk_desc,trait_creature_tanarukk_desc
creature_tengu,trait_creature_tengu
creature_tengu_desc,trait_creature_tengu_desc
creature_tiefling,trait_creature_tiefling
creature_tiefling_desc,trait_creature_tiefling_desc
creature_treant,trait_creature_treant
creature_treant_desc,trait_creature_treant_desc
creature_troll,trait_creature_troll
creature_troll_desc,trait_creature_troll_desc
creature_ulitharid,trait_creature_ulitharid
creature_ulitharid_desc,trait_creature_ulitharid_desc
creature_wemic,trait_creature_wemic
creature_wemic_desc,trait_creature_wemic_desc
creature_yikarian,trait_creature_yikarian
creature_yikarian_desc,trait_creature_yikarian_desc
crowned_by_bishop,trait_crowned_by_bishop
crowned_by_bishop_desc,trait_crowned_by_bishop_desc
crowned_by_myself,trait_crowned_by_myself
crowned_by_myself_desc,trait_crowned_by_myself_desc
crowned_by_pope,trait_crowned_by_pope
crowned_by_pope_desc,trait_crowned_by_pope_desc
crowned_by_priest,trait_crowned_by_priest
crowned_by_priest_desc,trait_crowned_by_priest_desc
cruel,trait_sadistic
cruel_desc,trait_sadistic_desc
crusader,trait_holy_warrior
crusader_desc,trait_holy_warrior_desc
curious,trait_curious
curious_desc,trait_curious_desc
cursed,trait_cursed
cursed_desc,trait_cursed_desc
cynical,trait_cynical
cynical_desc,trait_cynical_desc
dancing_plague,trait_dancing_plague
dancing_plague_desc,trait_dancing_plague_desc
dead_crown_aztec_fylkir,trait_dead_crown_aztec_fylkir
dead_crown_aztec_fylkir_desc,trait_dead_crown_aztec_fylkir_desc
dead_crown_byzantine,trait_dead_crown_byzantine
dead_crown_byzantine_desc,trait_dead_crown_byzantine_desc
dead_crown_finnish_fylkir,trait_dead_crown_finnish_fylkir
dead_crown_finnish_fylkir_desc,trait_dead_crown_finnish_fylkir_desc
dead_crown_fylkir,trait_dead_crown_fylkir
dead_crown_fylkir_desc,trait_dead_crown_fylkir_desc
dead_crown_hre,trait_dead_crown_hre
dead_crown_hre_desc,trait_dead_crown_hre_desc
dead_crown_pahlavi,trait_dead_crown_pahlavi
dead_crown_pahlavi_desc,trait_dead_crown_pahlavi_desc
dead_crown_romuva_fylkir,trait_dead_crown_romuva_fylkir
dead_crown_romuva_fylkir_desc,trait_dead_crown_romuva_fylkir_desc
dead_crown_slavic_fylkir,trait_dead_crown_slavic_fylkir
dead_crown_slavic_fylkir_desc,trait_dead_crown_slavic_fylkir_desc
dead_crown_tengri_fylkir,trait_dead_crown_tengri_fylkir
dead_crown_tengri_fylkir_desc,trait_dead_crown_tengri_fylkir_desc
dead_crown_west_african_fylkir,trait_dead_crown_west_african_fylkir
dead_crown_west_african_fylkir_desc,trait_dead_crown_west_african_fylkir_desc
dead_crown_zun_fylkir,trait_dead_crown_zun_fylkir
dead_crown_zun_fylkir_desc,trait_dead_crown_zun_fylkir_desc
dead_cursed_diamond_crown,trait_dead_cursed_diamond_crown
dead_cursed_diamond_crown_desc,trait_dead_cursed_diamond_crown_desc
dead_iron_crown_lombardy,trait_dead_iron_crown_lombardy
dead_iron_crown_lombardy_desc,trait_dead_iron_crown_lombardy_desc
dead_scepter_bon_fylkir,trait_dead_scepter_bon_fylkir
dead_scepter_bon_fylkir_desc,trait_dead_scepter_bon_fylkir_desc
dead_scepter_hellenic_fylkir,trait_dead_scepter_hellenic_fylkir
dead_scepter_hellenic_fylkir_desc,trait_dead_scepter_hellenic_fylkir_desc
deathmask,trait_deathmask
deathmask_desc,trait_deathmask_desc
decadent,trait_decadent
decadent_desc,trait_decadent_desc
deceitful,trait_deceitful
deceitful_desc,trait_deceitful_desc
defensive_leader,trait_unyielding_defender
defensive_leader_desc,trait_unyielding_defender_desc
delicate,trait_delicate
delicate_desc,trait_delicate_desc
depressed,trait_depressed_1
depressed_desc,trait_depressed_1_desc
desert_terrain_leader,trait_desert_terrain_leader
desert_terrain_leader_desc,trait_desert_terrain_leader_desc
detached_priest,trait_education_learning_1
detached_priest_desc,trait_education_learning_1_desc
dhampyr,trait_dhampyr
dhampyr_desc,trait_dhampyr_desc
diarrhea,trait_diarrhea
diarrhea_desc,trait_diarrhea_desc
diligent,trait_diligent
diligent_desc,trait_diligent_desc
dim,trait_dim
dim_desc,trait_dim_desc
disfigured,trait_disfigured
disfigured_desc,trait_disfigured_desc
disinherited,trait_disinherited
disinherited_desc,trait_disinherited_desc
dragon_adult,trait_dragon_adult
dragon_adult_desc,trait_dragon_adult_desc
dragon_ancient,trait_dragon_ancient
dragon_ancient_desc,trait_dragon_ancient_desc
dragon_wyrmling,trait_dragon_wyrmling
dragon_wyrmling_desc,trait_dragon_wyrmling_desc
dragon_young,trait_dragon_young
dragon_young_desc,trait_dragon_young_desc
drunkard,trait_drunkard
drunkard_desc,trait_drunkard_desc
duelist,trait_lifestyle_blademaster
duelist_desc,trait_lifestyle_blademaster_desc
dull,trait_dull
dull_desc,trait_dull_desc
dumb,trait_dumb
dumb_desc,trait_dumb_desc
dwarf,trait_dwarf
dwarf_desc,trait_dwarf_desc
dwarven_lodge_leader,trait_dwarven_lodge_leader
dwarven_lodge_leader_desc,trait_dwarven_lodge_leader_desc
dynastic_kinslayer,trait_dynastic_kinslayer
dynastic_kinslayer_desc,trait_dynastic_kinslayer_desc
dysentery,trait_dysentery
dysentery_desc,trait_dysentery_desc
eagle_warrior,trait_eagle_warrior
eagle_warrior_desc,trait_eagle_warrior_desc
elder_orb,trait_elder_orb
elder_orb_desc,trait_elder_orb_desc
elusive_shadow,trait_education_intrigue_4
elusive_shadow_desc,trait_education_intrigue_4_desc
elven_lodge_leader,trait_elven_lodge_leader
elven_lodge_leader_desc,trait_elven_lodge_leader_desc
envious,trait_envious
envious_desc,trait_envious_desc
erudite,trait_erudite
erudite_desc,trait_erudite_desc
eunuch,trait_eunuch
eunuch_desc,trait_eunuch_desc
excommunicated,trait_excommunicated
excommunicated_desc,trait_excommunicated_desc
experimenter,trait_experimenter
experimenter_desc,trait_experimenter_desc
fair,trait_beauty_good_3
fair_desc,trait_beauty_good_3_desc
falconer,trait_lifestyle_hunter
falconer_desc,trait_lifestyle_hunter_desc
familial_kinslayer,trait_familial_kinslayer
familial_kinslayer_desc,trait_familial_kinslayer_desc
fatigue,trait_fatigue
fatigue_desc,trait_fatigue_desc
feeble,trait_feeble
feeble_desc,trait_feeble_desc
fever,trait_fever
fever_desc,trait_fever_desc
feytouched,trait_feytouched
feytouched_desc,trait_feytouched_desc
fit,trait_fit
fit_desc,trait_fit_desc
flamboyant_schemer,trait_education_intrigue_2
flamboyant_schemer_desc,trait_education_intrigue_2_desc
flanker,trait_flexible_leader
flanker_desc,trait_flexible_leader_desc
flat_terrain_leader,trait_flat_terrain_leader
flat_terrain_leader_desc,trait_flat_terrain_leader_desc
flu,trait_flu
flu_desc,trait_flu_desc
food_poisoning,trait_food_poisoning
food_poisoning_desc,trait_food_poisoning_desc
fortune_builder,trait_education_stewardship_3
fortune_builder_desc,trait_education_stewardship_3_desc
freckles,trait_freckles
freckles_2,trait_freckles_2
freckles_2_desc,trait_freckles_2_desc
freckles_3,trait_freckles_3
freckles_3_desc,trait_freckles_3_desc
freckles_4,trait_freckles_4
freckles_4_desc,trait_freckles_4_desc
freckles_5,trait_freckles_5
freckles_5_desc,trait_freckles_5_desc
freckles_desc,trait_freckles_desc
fussy,trait_fussy
fussy_desc,trait_fussy_desc
gamer,trait_gamer
gamer_desc,trait_gamer_desc
gardener,trait_lifestyle_gardener
gardener_desc,trait_lifestyle_gardener_desc
genius,trait_intellect_good_3
genius_desc,trait_intellect_good_3_desc
giant,trait_giant
giant_desc,trait_giant_desc
gladiator,trait_gladiator
gladiator_desc,trait_gladiator_desc
gluttonous,trait_gluttonous
gluttonous_desc,trait_gluttonous_desc
goblins_lodge_leader,trait_goblins_lodge_leader
goblins_lodge_leader_desc,trait_goblins_lodge_leader_desc
gondi_shahansha,trait_gondi_shahansha
gondi_shahansha_desc,trait_gondi_shahansha_desc
gout,trait_gout
gout_desc,trait_gout_desc
greater_celestial,trait_greater_celestial
greater_celestial_desc,trait_greater_celestial_desc
greater_fiend,trait_greater_fiend
greater_fiend_desc,trait_greater_fiend_desc
greedy,trait_greedy
greedy_desc,trait_greedy_desc
gregarious,trait_gregarious
gregarious_desc,trait_gregarious_desc
grey_eminence,trait_education_diplomacy_4
grey_eminence_desc,trait_education_diplomacy_4_desc
groomed,trait_groomed
groomed_desc,trait_groomed_desc
grounded,trait_grounded
grounded_desc,trait_grounded_desc
half_celestial,trait_half_celestial
half_celestial_desc,trait_half_celestial_desc
half_dragon,trait_half_dragon
half_dragon_desc,trait_half_dragon_desc
half_fiend,trait_half_fiend
half_fiend_desc,trait_half_fiend_desc
half_troll,trait_half_troll
half_troll_desc,trait_half_troll_desc
hard_pregnancy,trait_hard_pregnancy
hard_pregnancy_desc,trait_hard_pregnancy_desc
hardy,trait_hardy
hardy_desc,trait_hardy_desc
harelip,trait_harelip
harelip_desc,trait_harelip_desc
has_aztec_disease,trait_has_aztec_disease
has_aztec_disease_desc,trait_has_aztec_disease_desc
has_bubonic_plague,trait_bubonic_plague
has_bubonic_plague_desc,trait_bubonic_plague_desc
has_measles,trait_measles
has_measles_desc,trait_measles_desc
has_small_pox,trait_smallpox
has_small_pox_desc,trait_smallpox_desc
has_tuberculosis,trait_consumption
has_tuberculosis_desc,trait_consumption_desc
has_typhoid_fever,trait_typhus
has_typhoid_fever_desc,trait_typhus_desc
has_typhus,trait_typhus
has_typhus_desc,trait_typhus_desc
haughty,trait_haughty
haughty_desc,trait_haughty_desc
headache,trait_headache
headache_desc,trait_headache_desc
hearty,trait_hearty
hearty_desc,trait_hearty_desc
heavy_infantry_leader,trait_heavy_infantry_leader
heavy_infantry_leader_desc,trait_heavy_infantry_leader_desc
hedgehog,trait_hedgehog
hedgehog_desc,trait_hedgehog_desc
hedonist,trait_lifestyle_reveler
hedonist_desc,trait_lifestyle_reveler_desc
heresiarch,trait_heresiarch
heresiarch_desc,trait_heresiarch_desc
hidden_spellplague_trait,trait_hidden_spellplague_trait
hidden_spellplague_trait_desc,trait_hidden_spellplague_trait_desc
holy_warrior,trait_holy_warrior
holy_warrior_desc,trait_holy_warrior_desc
homosexual,trait_sodomite
homosexual_desc,trait_sodomite_desc
honest,trait_honest
honest_desc,trait_honest_desc
horned,trait_horned
horned_desc,trait_horned_desc
hornless,trait_hornless
hornless_desc,trait_hornless_desc
horse,trait_horse
horse_desc,trait_horse_desc
house_dog,trait_house_dog
house_dog_desc,trait_house_dog_desc
humble,trait_humble
humble_desc,trait_humble_desc
hunchback,trait_hunchbacked
hunchback_desc,trait_hunchbacked_desc
hunter,trait_lifestyle_hunter
hunter_desc,trait_lifestyle_hunter_desc
i_used_to_be_a_player,trait_i_used_to_be_a_player
i_used_to_be_a_player_desc,trait_i_used_to_be_a_player_desc
idiot,trait_idiot
idiot_desc,trait_idiot_desc
idolizer,trait_idolizer
idolizer_desc,trait_idolizer_desc
ignorant,trait_ignorant
ignorant_desc,trait_ignorant_desc
ill,trait_ill
ill_desc,trait_ill_desc
imbecile,trait_intellect_bad_3
imbecile_desc,trait_intellect_bad_3_desc
immaculate,trait_immaculate
immaculate_desc,trait_immaculate_desc
immortal,trait_immortal
immortal_desc,trait_immortal_desc
impaler,trait_torturer
impaler_desc,trait_torturer_desc
in_hiding,trait_in_hiding
in_hiding_desc,trait_in_hiding_desc
inbred,trait_inbred
inbred_desc,trait_inbred_desc
incapable,trait_incapable
incapable_desc,trait_incapable_desc
indolent,trait_indolent
indolent_desc,trait_indolent_desc
indulgent_wastrel,trait_education_stewardship_1
indulgent_wastrel_desc,trait_education_stewardship_1_desc
infection,trait_infection
infection_desc,trait_infection_desc
infirm,trait_infirm
infirm_desc,trait_infirm_desc
inspiring_leader,trait_gallant
inspiring_leader_desc,trait_gallant_desc
intricate_webweaver,trait_education_intrigue_3
intricate_webweaver_desc,trait_education_intrigue_3_desc
is_clone,trait_is_clone
is_clone_desc,trait_is_clone_desc
is_fat,trait_is_fat
is_fat_desc,trait_is_fat_desc
is_malnourished,trait_is_malnourished
is_malnourished_desc,trait_is_malnourished_desc
is_spelljamming,trait_is_spelljamming
is_spelljamming_desc,trait_is_spelljamming_desc
jungle_terrain_leader,trait_jungle_terrain_leader
jungle_terrain_leader_desc,trait_jungle_terrain_leader_desc
just,trait_just
just_desc,trait_just_desc
kailash_guardian,trait_kailash_guardian
kailash_guardian_desc,trait_kailash_guardian_desc
kind,trait_compassionate
kind_desc,trait_compassionate_desc
kinslayer,trait_kinslayer_1
kinslayer_desc,trait_kinslayer_1_desc
knight_order_leader,trait_knight_order_leader
knight_order_leader_desc,trait_knight_order_leader_desc
kow_tow_completed_tier_1,trait_kow_tow_completed_tier_1
kow_tow_completed_tier_1_desc,trait_kow_tow_completed_tier_1_desc
kow_tow_completed_tier_2,trait_kow_tow_completed_tier_2
kow_tow_completed_tier_2_desc,trait_kow_tow_completed_tier_2_desc
kow_tow_completed_tier_3,trait_kow_tow_completed_tier_3
kow_tow_completed_tier_3_desc,trait_kow_tow_completed_tier_3_desc
kow_tow_travels,trait_kow_tow_travels
kow_tow_travels_desc,trait_kow_tow_travels_desc
learned,trait_learned
learned_desc,trait_learned_desc
lefthanded,trait_lefthanded
lefthanded_desc,trait_lefthanded_desc
legit_bastard,trait_legitimized_bastard
legit_bastard_desc,trait_legitimized_bastard_desc
leper,trait_leper
leper_desc,trait_leper_desc
levy_coordinator,trait_levy_coordinator
levy_coordinator_desc,trait_levy_coordinator_desc
lich,trait_lich
lich_baelnorn,trait_lich_baelnorn
lich_baelnorn_desc,trait_lich_baelnorn_desc
lich_desc,trait_lich_desc
lifespan_1000,trait_lifespan_1000
lifespan_1000_desc,trait_lifespan_1000_desc
lifespan_150,trait_lifespan_150
lifespan_150_desc,trait_lifespan_150_desc
lifespan_160,trait_lifespan_160
lifespan_160_desc,trait_lifespan_160_desc
lifespan_180,trait_lifespan_180
lifespan_180_desc,trait_lifespan_180_desc
lifespan_200,trait_lifespan_200
lifespan_200_desc,trait_lifespan_200_desc
lifespan_250,trait_lifespan_250
lifespan_250_desc,trait_lifespan_250_desc
lifespan_300,trait_lifespan_300
lifespan_300_desc,trait_lifespan_300_desc
lifespan_350,trait_lifespan_350
lifespan_350_desc,trait_lifespan_350_desc
lifespan_400,trait_lifespan_400
lifespan_400_desc,trait_lifespan_400_desc
lifespan_500,trait_lifespan_500
lifespan_500_desc,trait_lifespan_500_desc
lifespan_600,trait_lifespan_600
lifespan_600_desc,trait_lifespan_600_desc
lifespan_800,trait_lifespan_800
lifespan_800_desc,trait_lifespan_800_desc
lifespan_ageless,trait_lifespan_ageless
lifespan_ageless_desc,trait_lifespan_ageless_desc
light_foot_leader,trait_light_foot_leader
light_foot_leader_desc,trait_light_foot_leader_desc
lisp,trait_lisping
lisp_desc,trait_lisping_desc
logistics_expert,trait_logistics_expert
logistics_expert_desc,trait_logistics_expert_desc
longevity,trait_longevity
longevity_desc,trait_longevity_desc
lovers_pox,trait_lovers_pox
lovers_pox_desc,trait_lovers_pox_desc
lucid,trait_lucid
lucid_desc,trait_lucid_desc
lunatic,trait_lunatic_1
lunatic_desc,trait_lunatic_1_desc
lustful,trait_lustful
lustful_desc,trait_lustful_desc
maimed,trait_maimed
maimed_desc,trait_maimed_desc
malaise,trait_malaise
malaise_desc,trait_malaise_desc
mangled,trait_mangled
mangled_desc,trait_mangled_desc
martial_cleric,trait_education_learning_2
martial_cleric_desc,trait_education_learning_2_desc
master_of_flame,trait_master_of_flame
master_of_flame_desc,trait_master_of_flame_desc
masterless_dog,trait_masterless_dog
masterless_dog_desc,trait_masterless_dog_desc
mastermind_theologian,trait_education_learning_4
mastermind_theologian_desc,trait_education_learning_4_desc
midas_touched,trait_education_stewardship_4
midas_touched_desc,trait_education_stewardship_4_desc
misguided_warrior,trait_education_martial_1
misguided_warrior_desc,trait_education_martial_1_desc
monk,trait_monk
monk_desc,trait_monk_desc
mountain_terrain_leader,trait_mountain_terrain_leader
mountain_terrain_leader_desc,trait_mountain_terrain_leader_desc
mujahid,trait_mujahid
mujahid_desc,trait_mujahid_desc
mutant,trait_mutant
mutant_desc,trait_mutant_desc
mutazilite,trait_mutazilite
mutazilite_desc,trait_mutazilite_desc
mystic,trait_lifestyle_mystic
mystic_desc,trait_lifestyle_mystic_desc
naive_appeaser,trait_education_diplomacy_1
naive_appeaser_desc,trait_education_diplomacy_1_desc
narrow_flank_leader,trait_narrow_flank_leader
narrow_flank_leader_desc,trait_narrow_flank_leader_desc
natural_lycanthrope,trait_natural_lycanthrope
natural_lycanthrope_desc,trait_natural_lycanthrope_desc
norse_leader,trait_norse_leader
norse_leader_desc,trait_norse_leader_desc
norse_tattoo_1,trait_norse_tattoo_1
norse_tattoo_1_desc,trait_norse_tattoo_1_desc
norse_tattoo_2,trait_norse_tattoo_2
norse_tattoo_2_desc,trait_norse_tattoo_2_desc
norse_tattoo_3,trait_norse_tattoo_3
norse_tattoo_3_desc,trait_norse_tattoo_3_desc
norse_tattoo_4,trait_norse_tattoo_4
norse_tattoo_4_desc,trait_norse_tattoo_4_desc
norse_tattoo_5,trait_norse_tattoo_5
norse_tattoo_5_desc,trait_norse_tattoo_5_desc
norse_tattoo_6,trait_norse_tattoo_6
norse_tattoo_6_desc,trait_norse_tattoo_6_desc
nun,trait_nun
nun_desc,trait_nun_desc
nyames_shield,trait_nyames_shield
nyames_shield_desc,trait_nyames_shield_desc
obnoxious,trait_obnoxious
obnoxious_desc,trait_obnoxious_desc
on_pilgrimage,trait_on_pilgrimage
on_pilgrimage_desc,trait_on_pilgrimage_desc
one_eyed,trait_one_eyed
one_eyed_desc,trait_one_eyed_desc
one_handed,trait_one_handed
one_handed_desc,trait_one_handed_desc
one_legged,trait_one_legged
one_legged_desc,trait_one_legged_desc
orcs_lodge_leader,trait_orcs_lodge_leader
orcs_lodge_leader_desc,trait_orcs_lodge_leader_desc
organizer,trait_organizer
organizer_desc,trait_organizer_desc
origin_aberrant_mind,trait_origin_aberrant_mind
origin_aberrant_mind_desc,trait_origin_aberrant_mind_desc
origin_divine_soul,trait_origin_divine_soul
origin_divine_soul_desc,trait_origin_divine_soul_desc
origin_draconic,trait_origin_draconic
origin_draconic_desc,trait_origin_draconic_desc
origin_shadow,trait_origin_shadow
origin_shadow_desc,trait_origin_shadow_desc
origin_storm,trait_origin_storm
origin_storm_desc,trait_origin_storm_desc
origin_wild_magic,trait_origin_wild_magic
origin_wild_magic_desc,trait_origin_wild_magic_desc
otter,trait_otter
otter_desc,trait_otter_desc
pagan_branch_1,trait_pagan_branch_1
pagan_branch_1_desc,trait_pagan_branch_1_desc
pagan_branch_2,trait_pagan_branch_2
pagan_branch_2_desc,trait_pagan_branch_2_desc
pagan_branch_3,trait_pagan_branch_3
pagan_branch_3_desc,trait_pagan_branch_3_desc
pagan_branch_4,trait_pagan_branch_4
pagan_branch_4_desc,trait_pagan_branch_4_desc
paranoid,trait_paranoid
paranoid_desc,trait_paranoid_desc
patient,trait_patient
patient_desc,trait_patient_desc
peasant_leader,trait_peasant_leader
peasant_leader_desc,trait_peasant_leader_desc
peruns_chosen,trait_peruns_chosen
peruns_chosen_desc,trait_peruns_chosen_desc
physician,trait_physician
physician_desc,trait_physician_desc
pirate,trait_pirate
pirate_desc,trait_pirate_desc
plain,trait_plain
plain_desc,trait_plain_desc
planetouched,trait_planetouched
planetouched_desc,trait_planetouched_desc
playful,trait_playful
playful_desc,trait_playful_desc
pneumonic,trait_pneumonic
pneumonic_desc,trait_pneumonic_desc
poet,trait_lifestyle_poet
poet_desc,trait_lifestyle_poet_desc
possessed,trait_possessed_1
possessed_desc,trait_possessed_1_desc
pregnancy_finishing,trait_pregnancy_finishing
pregnancy_finishing_desc,trait_pregnancy_finishing_desc
pregnant,trait_pregnant
pregnant_desc,trait_pregnant_desc
pretty,trait_pretty
pretty_desc,trait_pretty_desc
proud,trait_arrogant
proud_desc,trait_arrogant_desc
psi_potential,trait_psi_potential
psi_potential_desc,trait_psi_potential_desc
quick,trait_intellect_good_2
quick_desc,trait_intellect_good_2_desc
rabies,trait_rabies
rabies_desc,trait_rabies_desc
rash,trait_rash
rash_desc,trait_rash_desc
rashemen_lodge_leader,trait_rashemen_lodge_leader
rashemen_lodge_leader_desc,trait_rashemen_lodge_leader_desc
ravager,trait_ravager
ravager_desc,trait_ravager_desc
reincarnation,trait_reincarnation
reincarnation_desc,trait_reincarnation_desc
robust,trait_robust
robust_desc,trait_robust_desc
romuvas_own,trait_romuvas_own
romuvas_own_desc,trait_romuvas_own_desc
rough_terrain_leader,trait_rough_terrain_leader
rough_terrain_leader_desc,trait_rough_terrain_leader_desc
rowdy,trait_rowdy
rowdy_desc,trait_rowdy_desc
rusting_trait,trait_rusting_trait
rusting_trait_desc,trait_rusting_trait_desc
sahuagin_baron,trait_sahuagin_baron
sahuagin_baron_desc,trait_sahuagin_baron_desc
sahuagin_chief,trait_sahuagin_chief
sahuagin_chief_desc,trait_sahuagin_chief_desc
sahuagin_emperor,trait_sahuagin_emperor
sahuagin_emperor_desc,trait_sahuagin_emperor_desc
sahuagin_king,trait_sahuagin_king
sahuagin_king_desc,trait_sahuagin_king_desc
sahuagin_prince,trait_sahuagin_prince
sahuagin_prince_desc,trait_sahuagin_prince_desc
sahuagin_warrior,trait_sahuagin_warrior
sahuagin_warrior_desc,trait_sahuagin_warrior_desc
saint,trait_saint
saint_desc,trait_saint_desc
saoshyant,trait_saoshyant
saoshyant_desc,trait_saoshyant_desc
saoshyant_descendant,trait_saoshyant_descendant
saoshyant_descendant_desc,trait_saoshyant_descendant_desc
sapper,trait_sapper
sapper_desc,trait_sapper_desc
scarred,trait_scarred
scarred_desc,trait_scarred_desc
scarred_high,trait_scarred_high
scarred_high_desc,trait_scarred_high_desc
scarred_mid,trait_scarred_mid
scarred_mid_desc,trait_scarred_mid_desc
scarred_type_1,trait_scarred_type_1
scarred_type_10,trait_scarred_type_10
scarred_type_10_desc,trait_scarred_type_10_desc
scarred_type_1_desc,trait_scarred_type_1_desc
scarred_type_2,trait_scarred_type_2
scarred_type_2_desc,trait_scarred_type_2_desc
scarred_type_3,trait_scarred_type_3
scarred_type_3_desc,trait_scarred_type_3_desc
scarred_type_4,trait_scarred_type_4
scarred_type_4_desc,trait_scarred_type_4_desc
scarred_type_5,trait_scarred_type_5
scarred_type_5_desc,trait_scarred_type_5_desc
scarred_type_6,trait_scarred_type_6
scarred_type_6_desc,trait_scarred_type_6_desc
scarred_type_7,trait_scarred_type_7
scarred_type_7_desc,trait_scarred_type_7_desc
scarred_type_8,trait_scarred_type_8
scarred_type_8_desc,trait_scarred_type_8_desc
scarred_type_9,trait_scarred_type_9
scarred_type_9_desc,trait_scarred_type_9_desc
schemer,trait_schemer
schemer_desc,trait_schemer_desc
scholar,trait_scholar
scholar_desc,trait_scholar_desc
scholarly_theologian,trait_education_learning_3
scholarly_theologian_desc,trait_education_learning_3_desc
scurvy,trait_scurvy
scurvy_desc,trait_scurvy_desc
sea_queen,trait_sea_queen
sea_queen_desc,trait_sea_queen_desc
seaking,trait_seaking
seaking_desc,trait_seaking_desc
secret_patrician,trait_secret_patrician
secret_patrician_desc,trait_secret_patrician_desc
seducer,trait_seducer
seducer_desc,trait_seducer_desc
seductress,trait_seductress
seductress_desc,trait_seductress_desc
severely_injured,trait_severely_injured
severely_injured_desc,trait_severely_injured_desc
shaddai,trait_shaddai
shaddai_desc,trait_shaddai_desc
sharp,trait_sharp
sharp_desc,trait_sharp_desc
shield_of_torm,trait_shield_of_torm
shield_of_torm_desc,trait_shield_of_torm_desc
shieldmaiden,trait_shieldmaiden
shieldmaiden_desc,trait_shieldmaiden_desc
shifter,trait_shifter
shifter_desc,trait_shifter_desc
shrewd,trait_shrewd
shrewd_desc,trait_shrewd_desc
shy,trait_shy
shy_desc,trait_shy_desc
sick_incapable,trait_sick_incapable
sick_incapable_desc,trait_sick_incapable_desc
sickly,trait_sickly
sickly_desc,trait_sickly_desc
siege_leader,trait_military_engineer
siege_leader_desc,trait_military_engineer_desc
skilled_tactician,trait_education_martial_3
skilled_tactician_desc,trait_education_martial_3_desc
slack,trait_slack
slack_desc,trait_slack_desc
slaughterer,trait_slaughterer
slaughterer_desc,trait_slaughterer_desc
slavic_tattoo_1,trait_slavic_tattoo_1
slavic_tattoo_1_desc,trait_slavic_tattoo_1_desc
slavic_tattoo_2,trait_slavic_tattoo_2
slavic_tattoo_2_desc,trait_slavic_tattoo_2_desc
slavic_tattoo_3,trait_slavic_tattoo_3
slavic_tattoo_3_desc,trait_slavic_tattoo_3_desc
slavic_tattoo_4,trait_slavic_tattoo_4
slavic_tattoo_4_desc,trait_slavic_tattoo_4_desc
slavic_tattoo_5,trait_slavic_tattoo_5
slavic_tattoo_5_desc,trait_slavic_tattoo_5_desc
slavic_tattoo_6,trait_slavic_tattoo_6
slavic_tattoo_6_desc,trait_slavic_tattoo_6_desc
slothful,trait_lazy
slothful_desc,trait_lazy_desc
slovenly,trait_slovenly
slovenly_desc,trait_slovenly_desc
slow,trait_intellect_bad_2
slow_desc,trait_intellect_bad_2_desc
sluggardly,trait_sluggardly
sluggardly_desc,trait_sluggardly_desc
smart,trait_smart
smart_desc,trait_smart_desc
socializer,trait_socializer
socializer_desc,trait_socializer_desc
soft,trait_soft
soft_desc,trait_soft_desc
spellscar,trait_spellscar
spellscar_desc,trait_spellscar_desc
stasis_clone,trait_stasis_clone
stasis_clone_desc,trait_stasis_clone_desc
strategist,trait_strategist
strategist_desc,trait_strategist_desc
stressed,trait_stressed
stressed_desc,trait_stressed_desc
strong,trait_physique_good_3
strong_desc,trait_physique_good_3_desc
stubborn,trait_stubborn
stubborn_desc,trait_stubborn_desc
sturdy,trait_sturdy
sturdy_desc,trait_sturdy_desc
stutter,trait_stuttering
stutter_desc,trait_stuttering_desc
sun_warrior,trait_sun_warrior
sun_warrior_desc,trait_sun_warrior_desc
sword_of_torm,trait_sword_of_torm
sword_of_torm_desc,trait_sword_of_torm_desc
sympathy_aberration_group,trait_sympathy_aberration_group
sympathy_aberration_group_desc,trait_sympathy_aberration_group_desc
sympathy_atheist_group,trait_sympathy_atheist_group
sympathy_atheist_group_desc,trait_sympathy_atheist_group_desc
sympathy_draconic_group,trait_sympathy_draconic_group
sympathy_draconic_group_desc,trait_sympathy_draconic_group_desc
sympathy_drow_pantheon,trait_sympathy_drow_pantheon
sympathy_drow_pantheon_desc,trait_sympathy_drow_pantheon_desc
sympathy_dwarven_pantheon_group,trait_sympathy_dwarven_pantheon_group
sympathy_dwarven_pantheon_group_desc,trait_sympathy_dwarven_pantheon_group_desc
sympathy_elven_pantheon_group,trait_sympathy_elven_pantheon_group
sympathy_elven_pantheon_group_desc,trait_sympathy_elven_pantheon_group_desc
sympathy_evil_human_pantheon_group,trait_sympathy_evil_human_pantheon_group
sympathy_evil_human_pantheon_group_desc,trait_sympathy_evil_human_pantheon_group_desc
sympathy_giant_pantheon_group,trait_sympathy_giant_pantheon_group
sympathy_giant_pantheon_group_desc,trait_sympathy_giant_pantheon_group_desc
sympathy_good_human_pantheon_group,trait_sympathy_good_human_pantheon_group
sympathy_good_human_pantheon_group_desc,trait_sympathy_good_human_pantheon_group_desc
sympathy_humanoid_group,trait_sympathy_humanoid_group
sympathy_humanoid_group_desc,trait_sympathy_humanoid_group_desc
sympathy_karaturan_group,trait_sympathy_karaturan_group
sympathy_karaturan_group_desc,trait_sympathy_karaturan_group_desc
sympathy_many,trait_sympathy_many
sympathy_many_desc,trait_sympathy_many_desc
sympathy_qismaite_group,trait_sympathy_qismaite_group
sympathy_qismaite_group_desc,trait_sympathy_qismaite_group_desc
sympathy_unenlightened_group,trait_sympathy_unenlightened_group
sympathy_unenlightened_group_desc,trait_sympathy_unenlightened_group_desc
sympathy_wild_human_pantheon_group,trait_sympathy_wild_human_pantheon_group
sympathy_wild_human_pantheon_group_desc,trait_sympathy_wild_human_pantheon_group_desc
syphilitic,trait_great_pox
syphilitic_desc,trait_great_pox_desc
tb_sterile,trait_tb_sterile
tb_sterile_desc,trait_tb_sterile_desc
temperate,trait_temperate
temperate_desc,trait_temperate_desc
tengri_warrior,trait_tengri_warrior
tengri_warrior_desc,trait_tengri_warrior_desc
thayan_tattoo_1,trait_thayan_tattoo_1
thayan_tattoo_10,trait_thayan_tattoo_10
thayan_tattoo_10_desc,trait_thayan_tattoo_10_desc
thayan_tattoo_11,trait_thayan_tattoo_11
thayan_tattoo_11_desc,trait_thayan_tattoo_11_desc
thayan_tattoo_12,trait_thayan_tattoo_12
thayan_tattoo_12_desc,trait_thayan_tattoo_12_desc
thayan_tattoo_13,trait_thayan_tattoo_13
thayan_tattoo_13_desc,trait_thayan_tattoo_13_desc
thayan_tattoo_14,trait_thayan_tattoo_14
thayan_tattoo_14_desc,trait_thayan_tattoo_14_desc
thayan_tattoo_1_desc,trait_thayan_tattoo_1_desc
thayan_tattoo_2,trait_thayan_tattoo_2
thayan_tattoo_2_desc,trait_thayan_tattoo_2_desc
thayan_tattoo_3,trait_thayan_tattoo_3
thayan_tattoo_3_desc,trait_thayan_tattoo_3_desc
thayan_tattoo_4,trait_thayan_tattoo_4
thayan_tattoo_4_desc,trait_thayan_tattoo_4_desc
thayan_tattoo_5,trait_thayan_tattoo_5
thayan_tattoo_5_desc,trait_thayan_tattoo_5_desc
thayan_tattoo_6,trait_thayan_tattoo_6
thayan_tattoo_6_desc,trait_thayan_tattoo_6_desc
thayan_tattoo_7,trait_thayan_tattoo_7
thayan_tattoo_7_desc,trait_thayan_tattoo_7_desc
thayan_tattoo_8,trait_thayan_tattoo_8
thayan_tattoo_8_desc,trait_thayan_tattoo_8_desc
thayan_tattoo_9,trait_thayan_tattoo_9
thayan_tattoo_9_desc,trait_thayan_tattoo_9_desc
theologian,trait_theologian
theologian_desc,trait_theologian_desc
thrifty_clerk,trait_education_stewardship_2
thrifty_clerk_desc,trait_education_stewardship_2_desc
tidy,trait_tidy
tidy_desc,trait_tidy_desc
timid,trait_timid
timid_desc,trait_timid_desc
tough,trait_tough
tough_desc,trait_tough_desc
tough_soldier,trait_education_martial_2
tough_soldier_desc,trait_education_martial_2_desc
travelling,trait_travelling
travelling_desc,trait_travelling_desc
tribal_kinslayer,trait_tribal_kinslayer
tribal_kinslayer_desc,trait_tribal_kinslayer_desc
trickster,trait_strategist
trickster_desc,trait_strategist_desc
troubled_pregnancy,trait_troubled_pregnancy
troubled_pregnancy_desc,trait_troubled_pregnancy_desc
trusting,trait_trusting
trusting_desc,trait_trusting_desc
twin,trait_twin
twin_desc,trait_twin_desc
ugly,trait_beauty_bad_2
ugly_desc,trait_beauty_bad_2_desc
ukkos_shield,trait_ukkos_shield
ukkos_shield_desc,trait_ukkos_shield_desc
uncouth,trait_uncouth
uncouth_desc,trait_uncouth_desc
uncrowned,trait_uncrowned
uncrowned_desc,trait_uncrowned_desc
undead,trait_undead
undead_desc,trait_undead_desc
underhanded_rogue,trait_education_diplomacy_2
underhanded_rogue_desc,trait_education_diplomacy_2_desc
unschooled,trait_unschooled
unschooled_desc,trait_unschooled_desc
unsightly,trait_unsightly
unsightly_desc,trait_unsightly_desc
unyielding_leader,trait_unyielding_leader
unyielding_leader_desc,trait_unyielding_leader_desc
valhalla_bound,trait_valhalla_bound
valhalla_bound_desc,trait_valhalla_bound_desc
vampire,trait_vampire
vampire_desc,trait_vampire_desc
vampire_spawn,trait_vampire_spawn
vampire_spawn_desc,trait_vampire_spawn_desc
varangian,trait_varangian
varangian_desc,trait_varangian_desc
viking,trait_viking
viking_desc,trait_viking_desc
vomiting,trait_vomiting
vomiting_desc,trait_vomiting_desc
war_elephant_leader,trait_war_elephant_leader
war_elephant_leader_desc,trait_war_elephant_leader_desc
warlock_celestial,trait_warlock_celestial
warlock_celestial_desc,trait_warlock_celestial_desc
warlock_elemental,trait_warlock_elemental
warlock_elemental_desc,trait_warlock_elemental_desc
warlock_fey,trait_warlock_fey
warlock_fey_desc,trait_warlock_fey_desc
warlock_fiend,trait_warlock_fiend
warlock_fiend_desc,trait_warlock_fiend_desc
warlock_old_one,trait_warlock_old_one
warlock_old_one_desc,trait_warlock_old_one_desc
weak,trait_physique_bad_3
weak_desc,trait_physique_bad_3_desc
werecrocodile,trait_werecrocodile
werecrocodile_desc,trait_werecrocodile_desc
wererat,trait_wererat
wererat_desc,trait_wererat_desc
werespider,trait_werespider
werespider_desc,trait_werespider_desc
weretiger,trait_weretiger
weretiger_desc,trait_weretiger_desc
werewolf,trait_werewolf
werewolf_desc,trait_werewolf_desc
willful,trait_willful
willful_desc,trait_willful_desc
winter_soldier,trait_winter_soldier
winter_soldier_desc,trait_winter_soldier_desc
witless,trait_witless
witless_desc,trait_witless_desc
wiz_abjuration,trait_wiz_abjuration
wiz_abjuration_desc,trait_wiz_abjuration_desc
wiz_conjuration,trait_wiz_conjuration
wiz_conjuration_desc,trait_wiz_conjuration_desc
wiz_divination,trait_wiz_divination
wiz_divination_desc,trait_wiz_divination_desc
wiz_enchantment,trait_wiz_enchantment
wiz_enchantment_desc,trait_wiz_enchantment_desc
wiz_evocation,trait_wiz_evocation
wiz_evocation_desc,trait_wiz_evocation_desc
wiz_illusion,trait_wiz_illusion
wiz_illusion_desc,trait_wiz_illusion_desc
wiz_necromancy,trait_wiz_necromancy
wiz_necromancy_desc,trait_wiz_necromancy_desc
wiz_transmutation,trait_wiz_transmutation
wiz_transmutation_desc,trait_wiz_transmutation_desc
wounded,trait_wounded_1
wounded_desc,trait_wounded_1_desc
wroth,trait_wrathful
wroth_desc,trait_wrathful_desc
zealous,trait_zealous
zealous_desc,trait_zealous_desc
