section,ck2_scope,ck2_key,ck2_uses_in_faerun,ck2_value_shape,ck3_file,ck3_key,ck3_value_shape,status,default_when_none,ck3_evidence,note
layout,-,(folder layout),-,-,"common/religion/{religion_types,religion_family_types,doctrine_types,doctrine_group_types,holy_site_types}/",-,directories,exact,-,"verified by ls: common/religion/ contains ONLY doctrine_group_types, doctrine_types, holy_site_types, religion_family_types, religion_types (+ great_holy_wars.info)","CK3 1.19 RENAMED the religion folders. The wiki and every pre-1.19 tutorial say common/religion/religions, /doctrines, /holy_sites - those directories DO NOT EXIST in 1.19. Elder Kings 2 already uses the new paths exclusively (verified). Write to the *_types paths."
structure,religion_group,<group_id> = { ... },"15 groups, 94 religions",block,common/religion/religion_types/fae_<group>.txt,<religion_id> = { family = ... faiths = { ... } },block,approx,-,common/religion/religion_types/_religion_types.info:4-8 ; common/religion/religion_types/00_paganism.txt:1 (paganism_religion = {),"CK2 religion GROUP -> CK3 RELIGION (the object that owns a `faiths = { }` block). CK2 religion -> CK3 FAITH. Faerun: 15 groups / 94 religions (aberration 3, atheist 5, draconic 3, drow_pantheon 3, dwarven 4, elven 6, evil_human 10, giant 5, good_human 14, humanoid 4, karaturan 7, pagan 3, qismaite 5, unenlightened 4, wild_human 18). Vanilla CK3: 48 religions / 140 faiths."
structure,religion_group,(no CK2 equivalent above the group),-,-,common/religion/religion_family_types/fae_families.txt,<rf_id> = { hostility_doctrine piety_icon_group graphical_faith doctrine_background_icon },block,none,-,"common/religion/religion_family_types/_religion_family_types.info ; common/religion/religion_family_types/00_religion_family_types.txt:1 (rf_abrahamic, only 4 vanilla families)","CK3 has a level ABOVE religion that CK2 lacks. Mechanical rule that needs no design: emit exactly one family per CK2 religion group, so the family/religion pair is 1:1. That also gives every group its own hostility doctrine (see the `intermarry` row). All four fields are optional; `hostility_doctrine` is what makes hostility tooltips work."
structure,religion,<religion_id> = { ... },94,block,common/religion/religion_types/fae_<group>.txt,faiths = { <faith_id> = { ... } },block nested inside the religion,exact,-,common/religion/religion_types/_religion_types.info:63-66,1:1. Faith ids must be globally unique.
religion_group,religion_group,color,15,{ r g b },(no direct CK3 home),-,-,none,-,-,CK3 religions and families have no colour; only FAITHS do. Reuse the CK2 group colour as the fallback colour for any faith in the group that lacks one.
religion_group,religion_group,graphical_culture,15,gfxculture id (e.g. westerngfx),common/religion/religion_types/fae_*.txt,graphical_faith,catholic_gfx|orthodox_gfx|islamic_gfx|dharmic_gfx|pagan_gfx|sinitic_gfx|shinto_gfx|tengrism_gfx|kamuyism_gfx|zoroastrian_gfx,approx,"graphical_faith = ""pagan_gfx""",common/religion/religion_types/_religion_types.info:5 ; verified value set: 10 distinct graphical_faith values across common/religion/,CK3 graphical_faith drives TEMPLE 3D models only (not clothing). Precedence faith > religion > family. Only those 10 vanilla values exist unless the mod ships new temple assets; pagan_gfx is the right default for polytheistic pantheons.
religion_group,religion_group,crusade_cb,15,cb id (crusade),-,(none),-,none,-,-,"CK3 great holy wars are configured in common/religion/great_holy_waIrs.info + the faith's GHWName loc keys and the `doctrine_pluralism_*` level, not by pointing at a CB. Comment. (See also `can_call_crusade`.)"
religion_group,religion_group,hostile_within_group,15,yes/no,common/religion/doctrine_types/fae_hostility.txt,<custom hostility doctrine> parameters = { hostility_same_religion = 1..4 },doctrine with parameters,approx,hostility_same_religion,"common/religion/doctrine_types/10_doctrines_religions.txt:9-17 (pagan_hostility_doctrine: hostility_same_religion = 1, hostility_same_family = 2, hostility_others = 3)","This is where CK2's group-internal hostility really lives. The 1-4 scale is faith_righteous / faith_astray / faith_hostile / faith_evil. Only 4 vanilla hostility doctrines exist; a converter that wants per-group behaviour must emit its own (copy pagan_hostility_doctrine, change the numbers, set `visible = no`)."
religion_group,religion_group,playable,15,yes/no,-,(none),-,none,-,-,CK3 has no per-religion playability switch (game rules handle it). Comment.
religion_group,religion_group,has_coa_on_barony_only,15,yes/no,-,(none),-,none,-,-,CK2 flag for temple-holding CoA display. No CK3 equivalent. Drop.
religion_group,religion_group,male_names / female_names,15 (often empty),{ Name ... },common/religion/religion_types/fae_*.txt,reserved_male_names / reserved_female_names,{ Name ... },approx,omit,"common/religion/religion_types/_religion_types.info:50-51 (religion level), :68-69 (faith level)","Semantics differ: CK2 lists names GIVEN to followers; CK3 `reserved_*_names` lists names NOT given to followers of other faiths. Same data, inverted use. Values must be the culture name lists' BASE names."
religion_group,religion_group,ai_convert_same_group / ai_convert_other_group,15 / 30,int weight,-,(none),-,none,-,-,"CK3 AI conversion is driven by the hostility doctrine parameters plus doctrine_pluralism_*, not by explicit weights. Fold into the hostility doctrine; comment the numbers."
religion_group,religion_group,ai_peaceful / ai_fabricate_claims / aggression,present,yes/no / int,-,(none),-,none,-,-,CK2 AI tuning per religion. No CK3 equivalent. Comment.
religion_group,both,interface_skin,15 / 54,skin id,-,(none),-,none,-,-,CK2 swapped the whole UI skin per religion. CK3 has no per-faith interface skin (only piety icons and the tenet banner). Nearest: `piety_icon_group` + `doctrine_background_icon`. Comment.
religion_group,religion_group,secret_religion_visibility_trigger,1 (00_religions.txt),trigger,-,(none),-,none,-,-,CK3 secrets (common/secret_types) replace CK2 secret religions. See character_fields.csv `secret_religion`.
religion_group,religion_group,alternate_start,1 (pagan_group),block { always = no },-,(none),-,none,-,-,No CK3 random world. Drop.
faith,religion,color,94,{ r g b } floats,common/religion/religion_types/fae_*.txt,color,{ r g b },exact,-,common/religion/religion_types/_religion_types.info:65 ; 00_paganism.txt faiths,1:1 on the faith.
faith,religion,icon,94,int (sprite index),common/religion/religion_types/fae_*.txt,icon,"faith id whose icon to borrow, OR omit to use `gfx/interface/icons/faith/<faith_id>.dds`",approx,omit,common/religion/religion_types/_religion_types.info:66 ; 00_paganism.txt (custom_faith_icons list),CK2 int index into its own atlas is meaningless in CK3. Either omit (and provide the .dds named after the faith) or point at a vanilla faith's icon. A missing icon is a visible-but-non-fatal error.
faith,religion,heresy_icon,90,int,-,(none),-,none,-,-,CK3 has no separate heresy icon; heresies are ordinary faiths. Drop.
faith,religion,graphical_culture,94,gfxculture id,common/religion/religion_types/fae_*.txt,graphical_faith,one of the 10 valid values,approx,-,common/religion/religion_types/_religion_types.info:68,As the religion-level row.
faith,religion,religious_clothing_head / religious_clothing_priest,93 / 93,int (sprite index),-,(none),-,none,-,-,CK2 2D clergy vestment sprites. CK3 clergy clothing comes from the culture's `clothing_gfx` + portrait modifiers. No conversion path. Comment.
faith,religion,high_god_name,93,loc key e.g. GOD_SUN,common/religion/religion_types/fae_*.txt,localization = { HighGodName = <key> HighGodNamePossessive = <key> HighGodNameSheHe = CHARACTER_SHEHE_SHE HighGodHerHis = ... },loc block,approx,-,common/religion/religion_types/_religion_types.info:70-73 ; 00_paganism.txt:74-81,"CK2's single key becomes a family of 8 CK3 keys (HighGodName, HighGodName2, HighGodNamePossessive, HighGodNameSheHe, HighGodHerselfHimself, HighGodHerHis, HighGodNameAlternate, HighGodNameAlternatePossessive). Generate the possessive/pronoun keys from the same string plus the CHARACTER_* pronoun constants."
faith,religion,god_names,92,{ LOC_KEY ... },common/religion/religion_types/fae_*.txt,localization = { GoodGodNames = { KEY KEY ... } },"loc block, list value",exact,-,common/religion/religion_types/_religion_types.info:70-73 ; 71 live GoodGodNames uses,Direct match: CK2 god_names -> GoodGodNames (a list). This is the natural home for a Faerun pantheon's deity list.
faith,religion,evil_god_names,94,{ LOC_KEY ... },common/religion/religion_types/fae_*.txt,localization = { EvilGodNames = { KEY ... } DevilName = KEY ... },loc block,exact,-,common/religion/religion_types/_religion_types.info:70-73 ; 57 live EvilGodNames uses,Direct match. Also set DevilName / DevilNamePossessive / DevilSheHe / DevilHerHis / DevilHerselfHimself from the first entry.
faith,religion,scripture_name,94,loc key,common/religion/religion_types/fae_*.txt,localization = { ReligiousText = KEY ReligiousText2 = KEY ReligiousText3 = KEY },loc block,exact,-,common/religion/religion_types/_religion_types.info:70-73 ; 61 live uses,Direct match; CK3 wants three synonym variants (repeat the same key if only one exists).
faith,religion,priest_title,93,loc key e.g. PRIEST,common/religion/religion_types/fae_*.txt,localization = { PriestMale PriestMalePlural PriestFemale PriestFemalePlural PriestNeuter PriestNeuterPlural AltPriestTermPlural },loc block,approx,-,common/religion/religion_types/_religion_types.info:70-73 ; 77 live PriestMale uses,CK2's one key becomes 7 gendered/plural keys. Also the parallel Bishop* (6 keys) and Devotee* (6 keys) families.
faith,religion,piety_name,62,loc key,common/religion/religion_types/fae_*.txt,piety_icon_group,christian|islam|judaism|pagan|eastern|taoism|confucianism|zoroastrian,approx,"piety_icon_group = ""pagan""",common/religion/religion_types/_religion_types.info:6 ; verified value set (8 distinct across common/religion/),CK2 renamed the piety RESOURCE; CK3 only lets you swap the piety ICON SET (8 vanilla groups). The resource name itself is fixed. Comment the CK2 string.
faith,religion,crusade_name,87,loc key e.g. GREAT_HOLY_WAR,common/religion/religion_types/fae_*.txt,localization = { GHWName = KEY GHWNamePlural = KEY },loc block,exact,-,common/religion/religion_types/_religion_types.info:70-73 ; 49 live GHWName uses,Direct match.
faith,religion,intermarry,833 (!) repeated one line per allied faith,religion id (repeatable),common/religion/doctrine_types/fae_hostility.txt + faith doctrine,hostility doctrine parameters + doctrine_pluralism_pluralistic,doctrine,approx,doctrine_pluralism_righteous,common/religion/doctrine_types/10_doctrines_religions.txt:9-17 ; common/religion/doctrine_group_types/00_doctrine_group_types.txt (doctrine_pluralism) ; common/religion/doctrine_types/20_doctrines.txt (doctrine_pluralism_fundamentalist|righteous|pluralistic),"VERIFIED: there is NO `doctrine_religious_intermarriage`. CK3 has no per-pair intermarriage table at all. Faerun's 833 intermarry lines form a graph; convert it in two steps: (1) put mutually-intermarrying CK2 religions in the SAME CK3 religion (or family) so `hostility_same_religion`/`hostility_same_family` = 1 (faith_righteous) makes them marriageable; (2) set `doctrine_pluralism_pluralistic` on faiths whose intermarry list crosses groups, `doctrine_pluralism_righteous` otherwise. Emit the original intermarry list as a comment so the graph is not lost."
faith,religion,max_wives,11,int,common/religion/religion_types/fae_*.txt,doctrine,doctrine_monogamy | doctrine_polygamy,approx,doctrine_monogamy,"common/religion/doctrine_types/20_doctrines.txt (doctrine_monogamy, doctrine_polygamy, doctrine_concubines) ; common/religion/doctrine_group_types/00_doctrine_group_types.txt (doctrine_marriage_type, number_of_picks = 1)","DECISION: max_wives > 1 -> doctrine_polygamy; max_wives <= 1 (or unset) -> doctrine_monogamy. The exact count is lost; the culture can override with the parameter `number_of_spouses = N` (common/culture/_cultural_traits.info, Special parameters)."
faith,religion,max_consorts,47,int,common/religion/religion_types/fae_*.txt,doctrine,doctrine_concubines,approx,doctrine_monogamy,common/religion/doctrine_types/20_doctrines.txt ; common/culture/_cultural_traits.info (number_of_consorts = N),"DECISION: max_consorts > 0 -> doctrine_concubines (this is the SAME doctrine group as monogamy/polygamy - only one pick, so concubines wins over polygamy if both apply). Exact count via the culture parameter `number_of_consorts`."
faith,religion,women_can_take_consorts / men_can_take_consorts,42 / 26,yes/no,common/religion/religion_types/fae_*.txt,doctrine,doctrine_gender_female_dominated | doctrine_gender_male_dominated | doctrine_gender_equal,approx,doctrine_gender_male_dominated,common/religion/doctrine_types/20_doctrines.txt ; common/religion/doctrine_group_types/00_doctrine_group_types.txt (doctrine_gender),CK3 does not gender concubinage separately; doctrine_concubines follows the gender doctrine. DECISION: women only -> doctrine_gender_female_dominated (Lolth-cult pattern); men only -> male_dominated; both -> equal.
faith,religion,feminist,80,yes/no,common/religion/religion_types/fae_*.txt,doctrine,doctrine_gender_equal,approx,doctrine_gender_male_dominated,"common/religion/doctrine_types/20_doctrines.txt ; common/religion/doctrine_group_types/00_doctrine_group_types.txt (doctrine_gender, mandatory)","DECISION: feminist = yes -> doctrine_gender_equal, unless women_can_take_consorts = yes AND men_can_take_consorts = no, which is stronger evidence for doctrine_gender_female_dominated."
faith,religion,priests_can_marry,90,yes/no,common/religion/religion_types/fae_*.txt,doctrine,doctrine_clerical_marriage_allowed | doctrine_clerical_marriage_disallowed,exact,doctrine_clerical_marriage_allowed,"common/religion/doctrine_types/20_doctrines.txt ; common/religion/doctrine_group_types/00_doctrine_group_types.txt (doctrine_clerical_marriage, mandatory)",DECISION: yes -> doctrine_clerical_marriage_allowed; no -> doctrine_clerical_marriage_disallowed. Clean 1:1.
faith,religion,priests_can_inherit,84,yes/no,common/religion/religion_types/fae_*.txt,doctrine,doctrine_clerical_succession_temporal_appointment | doctrine_clerical_succession_temporal_fixed_appointment,approx,doctrine_clerical_succession_temporal_appointment,"common/religion/doctrine_types/20_doctrines.txt ; common/religion/doctrine_group_types/00_doctrine_group_types.txt (doctrine_clerical_succession, mandatory, 4 options)","Not an exact concept match. CK2 asks whether a priest's heirs keep the holding; CK3 asks WHO appoints the successor (temporal/spiritual x appointment/fixed_appointment). DECISION: priests_can_inherit = yes -> temporal_appointment (the liege picks, inheritance-like); no -> spiritual_appointment (the head of faith picks)."
faith,religion,female_temple_holders / male_temple_holders,91 / 5,yes/no,common/religion/religion_types/fae_*.txt,doctrine,doctrine_clerical_gender_male_only | doctrine_clerical_gender_female_only | doctrine_clerical_gender_either,exact,doctrine_clerical_gender_male_only,"common/religion/doctrine_types/20_doctrines.txt ; common/religion/doctrine_group_types/00_doctrine_group_types.txt (doctrine_clerical_gender, mandatory)","DECISION table: female yes + male yes (or male unset, default yes) -> either; female yes + male no -> female_only; female no -> male_only. Clean."
faith,religion,can_hold_temples,0 in Faerun,yes/no,common/governments/00_government_types.txt,theocracy_government can_get_government,trigger,approx,-,common/governments/00_government_types.txt:94,Faerun never uses it. In CK3 the equivalent is the theocracy_government `can_get_government` gate plus doctrine_theocracy_temporal/lay_clergy. See government_map.csv.
faith,religion,can_grant_divorce,67,yes/no,common/religion/religion_types/fae_*.txt,doctrine,doctrine_divorce_allowed | doctrine_divorce_approval | doctrine_divorce_disallowed,approx,doctrine_divorce_approval,"common/religion/doctrine_types/20_doctrines.txt ; common/religion/doctrine_group_types/00_doctrine_group_types.txt (doctrine_divorce, mandatory)","DECISION: can_grant_divorce = yes -> doctrine_divorce_approval (a religious head must approve, closest to CK2's 'the head can grant it'); no -> doctrine_divorce_disallowed. Use doctrine_divorce_allowed only when the CK2 faith has no religious head at all."
faith,religion,cousin_marriage,91,yes/no,common/religion/religion_types/fae_*.txt,doctrine,doctrine_consanguinity_cousins | doctrine_consanguinity_restricted,exact,doctrine_consanguinity_restricted,"common/religion/doctrine_types/20_doctrines.txt ; common/religion/doctrine_group_types/00_doctrine_group_types.txt (doctrine_consanguinity, mandatory, 5 options)",DECISION table (most permissive CK2 flag wins): bs_marriage/pc_marriage = yes -> doctrine_consanguinity_unrestricted; psc_marriage = yes -> doctrine_consanguinity_dynastic; cousin_marriage = yes -> doctrine_consanguinity_cousins; else doctrine_consanguinity_restricted. doctrine_consanguinity_aunt_nephew_and_uncle_niece sits between cousins and unrestricted and has no CK2 flag.
faith,religion,psc_marriage,40,yes/no (parent-sibling-child),common/religion/religion_types/fae_*.txt,doctrine,doctrine_consanguinity_dynastic,approx,-,common/religion/doctrine_types/20_doctrines.txt (doctrine_consanguinity_dynastic),See the cousin_marriage decision table.
faith,religion,bs_marriage / pc_marriage,7 / 7,yes/no (brother-sister / parent-child),common/religion/religion_types/fae_*.txt,doctrine,doctrine_consanguinity_unrestricted,approx,-,common/religion/doctrine_types/20_doctrines.txt (doctrine_consanguinity_unrestricted),See the cousin_marriage decision table. Consider also tenet_divine_marriage (Zoroastrian xwedodah flavour).
faith,religion,matrilineal_marriages,66,yes/no,-,(none),-,none,-,-,"CK3 always allows matrilineal marriage (it is a marriage-interaction option, not a faith property). Drop with a comment. The dated history key `add_matrilineal_spouse` still works."
faith,religion,divine_blood,3,yes/no,common/religion/religion_types/fae_*.txt,doctrine,doctrine_consanguinity_dynastic; tenet_mystical_birthright,approx,omit,common/religion/doctrine_types/20_doctrines.txt ; common/religion/doctrine_types/30_core_tenets.txt (tenet_mystical_birthright),"CK2 divine_blood = close-kin marriage allowed + prestige for divine descent. CK3: doctrine_consanguinity_dynastic covers the marriage half, tenet_mystical_birthright the divine-descent half (costs one of 3 tenet picks). Pairs with divine_feudal_government in government_map.csv."
faith,religion,can_excommunicate,44,yes/no,common/religion/religion_types/fae_*.txt,doctrine,doctrine_spiritual_head | doctrine_temporal_head,approx,doctrine_no_head,"common/religion/doctrine_types/20_doctrines.txt ; common/religion/doctrine_group_types/00_doctrine_group_types.txt (doctrine_head_of_faith, mandatory)","Excommunication in CK3 is an interaction available to a head of faith. DECISION: can_excommunicate = yes -> the faith must have a head (doctrine_spiritual_head if a separate religious head title exists, doctrine_temporal_head if the ruler is the head); no -> doctrine_no_head. Also requires `religious_head = <title>` unless temporal."
faith,religion,can_call_crusade,61,yes/no,common/religion/religion_types/fae_*.txt,doctrine (indirect),doctrine_pluralism_fundamentalist | doctrine_pluralism_righteous + a head of faith,approx,doctrine_pluralism_righteous,common/religion/doctrine_group_types/00_doctrine_group_types.txt (doctrine_pluralism) ; common/religion/great_holy_wars.info,CK3 GHWs require a head of faith and are gated on the pluralism doctrine (fundamentalist faiths GHW most readily). No boolean key exists. Emit the pluralism doctrine + GHWName loc keys; comment the CK2 flag.
faith,religion,can_grant_claim,54,yes/no,-,(none),-,none,-,-,CK2 head-of-faith claim granting. CK3 head-of-faith interactions are fixed. Comment.
faith,religion,can_demand_religious_conversion,47,yes/no,-,(none),-,none,-,-,No CK3 faith key (conversion is always available). Comment.
faith,religion,can_retire_to_monastery,48,yes/no,common/religion/religion_types/fae_*.txt,doctrine,tenet_monasticism,approx,omit,common/religion/doctrine_types/30_core_tenets.txt (tenet_monasticism),Costs one of 3 tenet picks; only emit if the faith has a spare pick.
faith,religion,pacifist,11,yes/no,common/religion/religion_types/fae_*.txt,doctrine,tenet_pacifism,approx,omit,"common/religion/doctrine_types/30_core_tenets.txt (tenet_pacifism, tenet_dharmic_pacifism)",Clean concept match. Uses a tenet pick.
faith,religion,allow_looting,48,yes/no,common/religion/religion_types/fae_*.txt,doctrine,tenet_warmonger,approx,omit,common/religion/doctrine_types/30_core_tenets.txt (tenet_warmonger),"CK3 raiding permission is a GOVERNMENT flag (government_can_raid_rule), not a faith property; tenet_warmonger is the flavour equivalent. Uses a tenet pick."
faith,religion,allow_viking_invasion,10,yes/no,-,(none),-,none,-,-,CK3 has no prepared-invasion CB tied to a faith. Comment (or map to a casus belli in the cb lane).
faith,religion,allow_rivermovement,9,yes/no,common/governments/00_government_types.txt,wanua_government flag government_enables_river_travel,government flag,none,-,common/governments/00_government_types.txt (wanua_government flags),"In CK3 river travel is a GOVERNMENT flag on wanua_government only, not a faith property. Not settable per faith. Comment."
faith,religion,seafarer,4,yes/no,common/culture/cultures/*.txt,traditions = { tradition_seafaring },tradition,approx,omit,common/culture/traditions/ (tradition_seafaring),"In CK3 this is a CULTURE property, not a faith one - route it to culture_fields.csv."
faith,religion,pentarchy / autocephaly,0 / 6,yes/no,common/religion/religion_types/fae_*.txt,tenet_pentarchy; religious_head,doctrine; title id,approx,omit,common/religion/doctrine_types/30_core_tenets.txt (tenet_pentarchy) ; common/religion/religion_types/_religion_types.info:67 (religious_head),tenet_pentarchy is the only CK3 construct; autocephaly (national churches) has no key - approximate by giving each realm's faith its own `religious_head` title or by using doctrine_temporal_head. Costs a tenet pick.
faith,religion,has_heir_designation,8,yes/no,history/titles/fae_*.txt,succession_laws = { appointment_succession_law },law,approx,omit,common/laws/00_succession_laws.txt (appointment_succession_law),CK2 makes it a religion property; CK3 makes it a title succession law. Route to history/titles (see title_fields.csv `law`).
faith,religion,defensive_attrition / ignores_defensive_attrition,37 / 14,yes/no,-,(none),-,none,-,-,CK2 gave defenders attrition against other-religion armies. CK3 has no faith-based attrition (only terrain/supply and the nomad flags no_hostile_attrition_in_steppe / steppe_cancel_negative_supply). Comment.
faith,religion,unit_modifier / unit_home_modifier,22 / 14,modifier block,common/religion/doctrine_types/fae_*.txt,<custom doctrine> character_modifier = { ... },modifier block on a doctrine,approx,omit,common/religion/doctrine_types/20_doctrines.txt (doctrines carry character_modifier blocks),CK3 faiths cannot carry modifiers directly - only their DOCTRINES can. To keep a CK2 unit modifier the converter must emit a custom doctrine holding it and add that doctrine to the faith (this is what EK2 does: ~372 custom doctrine ids). Mark it clearly as generated.
faith,religion,character_modifier,62,modifier block,common/religion/doctrine_types/fae_*.txt,<custom doctrine> character_modifier = { ... },modifier block on a doctrine,approx,omit,common/religion/doctrine_types/20_doctrines.txt,Same as unit_modifier: needs a generated carrier doctrine.
faith,religion,peace_prestige_loss / peace_piety_gain / attacking_same_religion_piety_loss / raised_vassal_opinion_loss / landed_kin_prestige_bonus / independence_war_score_bonus / short_reign_opinion_year_mult / dislike_tribal_organization / join_crusade_if_bordering_hostile,31/11/20/31/11/14/51/30/5,yes/no or int,-,(none),-,none,-,-,Hardcoded CK2 knobs with no CK3 faith key. Some can be approximated with a generated carrier doctrine's character_modifier (e.g. independence_war_score_bonus has no CK3 modifier at all). Comment each.
faith,religion,uses_decadence,0 in Faerun (all commented out),yes/no,-,(none),-,none,-,-,Nothing to convert; CK3 has no decadence.
faith,religion,uses_jizya_tax,12,yes/no,common/religion/religion_types/fae_*.txt,doctrine,special_doctrine_jizya,exact,omit,common/religion/doctrine_types/40_doctrines_special.txt (special_doctrine_jizya) ; common/religion/doctrine_group_types/00_doctrine_group_types.txt (has_jizya_doctrine group),"NOTE: in CK2 this is a RELIGION key (verified), not a government key. Clean 1:1 to special_doctrine_jizya. Consider also tenet_tax_nonbelievers."
faith,religion,hard_to_convert,13,yes/no,common/religion/religion_types/fae_*.txt,doctrine,doctrine_pluralism_fundamentalist,approx,omit,common/religion/doctrine_group_types/00_doctrine_group_types.txt (doctrine_pluralism),Closest lever: a fundamentalist faith resists conversion. Comment the CK2 flag.
faith,religion,reformed,9,religion id,common/religion/religion_types/fae_*.txt,pagan_roots = yes on the religion; unreformed_faith_doctrine on the unreformed faith,yes/no; doctrine,approx,omit,common/religion/religion_types/_religion_types.info:8 (pagan_roots) ; common/religion/doctrine_types/40_doctrines_special.txt (unreformed_faith_doctrine) ; common/religion/doctrine_group_types/00_doctrine_group_types.txt (unreformed_faith group),CK2 points from the unreformed religion to its reformed version. CK3 inverts it: the RELIGION sets `pagan_roots = yes` and the unreformed FAITH carries unreformed_faith_doctrine; reformation then removes it. 42/140 vanilla faiths carry it.
faith,religion,heresy / parent,(heresies are plain religions in Faerun),religion id,-,(none - heresies are ordinary faiths),-,none,-,-,"CK3 has no heresy concept: a heresy is just another faith in the same religion, plus optionally heresy_hostility_doctrine (8 vanilla faiths). Nothing to emit."
faith,religion,reformer_head_of_religion,0 in Faerun,title id,common/religion/religion_types/fae_*.txt,religious_head,title id,approx,omit,common/religion/religion_types/_religion_types.info:67,Route to religious_head.
faith,religion,secret_religion / dynamic_cult,2 / 2,yes/no,-,(none),-,none,-,-,See character_fields.csv `secret_religion` (common/secret_types).
faith,religion,features,4,list,-,(none),-,none,-,-,CK2 religion_features (a CK2 2.8 sub-system). No CK3 equivalent. Comment.
faith,religion,allow_in_ruler_designer,15,yes/no,-,(none),-,none,-,-,No CK3 ruler designer gating per faith. Drop.
faith,religion,(none),0,-,common/religion/religion_types/fae_*.txt,religious_head,title id (a k_/d_ title),none,doctrine_no_head,common/religion/religion_types/_religion_types.info:67 ; 81 live ReligiousHeadName uses,Derive from the CK2 title that had `controls_religion = yes` / `caliphate = yes` for this religion (see title_fields.csv). Required whenever doctrine_spiritual_head is emitted.
faith,religion,(none),0,-,common/religion/religion_types/fae_*.txt,traits = { virtues = { ... } sins = { ... } },block; entries may take a scale/weight,none,omit,common/religion/religion_types/_religion_types.info:30-43,CK3-only. Derivable later from Faerun's god-patron traits; out of this lane's scope (traits lane owns trait ids).
faith,religion,(none),0,-,common/religion/religion_types/fae_*.txt,holy_order_names; holy_order_maa; custom_faith_icons; doctrine_background_icon; doctrine_selection_pair,lists / block,none,omit,"common/religion/religion_types/_religion_types.info:54-61, :10-16, :7 ; 00_paganism.txt:56-66",CK3-only. `holy_order_names` should be filled from Faerun's holy-order titles (government_map.csv `order_government`). `doctrine_selection_pair` is the DLC-safe way to add a DLC-only doctrine.
holy_site,landed_titles,holy_site = <religion>,475 marks on titles,religion id on a c_/b_ title,common/religion/holy_site_types/fae_holy_sites.txt,<hs_id> = { county = c_<x> [barony = b_<y>] [parameters = { flag }] [character_modifier = { ... }] },block,approx,-,"common/religion/holy_site_types/_holy_site_types.info ; common/religion/holy_site_types/00_holy_site_types.txt:7 (jerusalem: county + character_modifier + parameters), :16 (rome: county + barony)",`county` is the only field that matters; `barony` narrows it. `parameters` are BARE FLAGS (not key = value) tested with has_holy_site_parameter / controls_holy_site_with_parameter. EK2 uses exactly this minimal shape (county + parameters) for all 275 of its sites. Vanilla has 322 sites.
holy_site,religion,(the faith's side of the link),-,-,common/religion/religion_types/fae_*.txt,holy_site = <hs_id>,repeatable line inside the faith,approx,-,"common/religion/religion_types/_religion_types.info:68 ; VERIFIED distribution: 132 of 140 vanilla faiths have exactly 5 holy_site lines, the other 8 have 7","PRACTICAL CAP: emit 5 per faith. Faerun marks 475 titles across 94 religions (several per county), so the converter must SELECT 5 per faith - rank by county development / capital status / whether the county is in the faith's heartland - and emit the rest as comments. This is a ranking rule, not design."
minimal_faith,-,(what a valid CK3 faith needs),-,-,common/religion/religion_types/fae_*.txt,23 mandatory doctrine groups + doctrine_core_tenets x3,doctrine lines,exact,-,VERIFIED by parsing all 140 vanilla faiths (with religion-level inheritance): 23 doctrine groups are present in 140/140 faiths; doctrine_core_tenets in 138/140,"MANDATORY GROUPS (one doctrine each unless noted): hostility_group, doctrine_theism, doctrine_gender, doctrine_pluralism, doctrine_theocracy, doctrine_head_of_faith, doctrine_pilgrimage, doctrine_marriage_type, doctrine_divorce, doctrine_bastardry, doctrine_consanguinity, doctrine_homosexuality, doctrine_deviancy, doctrine_adultery_men, doctrine_adultery_women, doctrine_kinslaying, doctrine_witchcraft, doctrine_clerical_function, doctrine_clerical_gender, doctrine_clerical_marriage, doctrine_clerical_succession, doctrine_funeral, doctrine_coronation. PLUS doctrine_core_tenets with number_of_picks = 3. Everything else (muhammad_succession, temple_authority, zoroastrian_branches, is_*_faith, unreformed_faith, jizya, nudity, immaterial_harmony, divine_destiny, adoptionist_school, not_allowed_to_hof, full_tolerance, special_tolerance, heresy_hostility, is_hostile_to_maitreya) is optional/engine-internal. Put the shared choices on the RELIGION (they cascade to all its faiths) and only the differences on each faith - that is what 00_paganism.txt does."
minimal_faith,-,(safe fantasy-pantheon default doctrine set),-,-,common/religion/religion_types/fae_*.txt,copy paganism_religion's doctrine block,doctrine lines,exact,-,"common/religion/religion_types/00_paganism.txt:1-40 (a complete, valid, minimal religion-level doctrine set)","ASSUMED-SAFE DEFAULT for a Faerun pantheon, straight from vanilla paganism_religion: doctrine_polytheist, doctrine_no_head, doctrine_gender_male_dominated, doctrine_pluralism_pluralistic, doctrine_theocracy_temporal, doctrine_concubines, doctrine_divorce_allowed, doctrine_bastardry_legitimization, doctrine_consanguinity_cousins, doctrine_homosexuality_shunned, doctrine_adultery_men_crime, doctrine_adultery_women_crime, doctrine_kinslaying_close_kin_crime, doctrine_deviancy_crime, doctrine_witchcraft_accepted, doctrine_clerical_function_recruitment, doctrine_clerical_gender_either, doctrine_clerical_marriage_allowed, doctrine_clerical_succession_temporal_appointment, doctrine_pilgrimage_encouraged, doctrine_funeral_cremation, doctrine_no_anointment, + pagan_hostility_doctrine. Then override only the fields the CK2 religion actually specifies. Core tenets have NO CK2 source - default to 3 that carry no strong mechanics, e.g. tenet_ritual_celebrations, tenet_sanctity_of_nature, tenet_ancestor_worship (`assumed`; overridable in overrides/faith_tenets.csv)."
minimal_faith,-,(mandatory-in-practice non-doctrine fields),-,-,common/religion/religion_types/fae_*.txt,family (religion); color (faith); localization (religion),-,exact,-,"common/religion/religion_types/_religion_types.info:4, :65, :70","`family` is the only religion field the wiki calls required. A faith with no `color` gets no map colour. `localization` is inherited faith <- religion <- (nothing), so define the FULL 128-key block once per religion; any key referenced by a UI string and missing anywhere in the chain is a runtime loc error."
localization,-,god/priest/afterlife naming,-,-,common/religion/religion_types/fae_*.txt,localization = { ... },128 keys (verified by tallying all vanilla religion_types),exact,-,verified tally over common/religion/religion_types/*.txt: 128 distinct keys,"FULL KEY LIST. HighGod: HighGodName, HighGodName2, HighGodNamePossessive, HighGodNameSheHe, HighGodHerselfHimself, HighGodHerHis, HighGodNameAlternate, HighGodNameAlternatePossessive. Creator: CreatorName, CreatorNamePossessive, CreatorSheHe, CreatorHerHis, CreatorHerHim. HealthGod/FertilityGod/WealthGod/HouseholdGod/FateGod/KnowledgeGod/WarGod/TricksterGod/NightGod/WaterGod/DeathDeity: each has <X>Name, <X>NamePossessive, <X>SheHe, <X>HerHis, <X>HerHim. WitchGod: WitchGodName, WitchGodNamePossessive, WitchGodSheHe, WitchGodHerHis, WitchGodHerHim, WitchGodMistressMaster, WitchGodMotherFather. Devil: DevilName, DevilNamePossessive, DevilSheHe, DevilHerHis, DevilHerselfHimself. Lists: GoodGodNames, EvilGodNames. Pantheon: PantheonTerm, PantheonTerm2, PantheonTerm3, PantheonTermHasHave. Clergy: PriestMale, PriestMalePlural, PriestFemale, PriestFemalePlural, PriestNeuter, PriestNeuterPlural, AltPriestTermPlural, BishopMale, BishopMalePlural, BishopFemale, BishopFemalePlural, BishopNeuter, BishopNeuterPlural, DevoteeMale, DevoteeMalePlural, DevoteeFemale, DevoteeFemalePlural, DevoteeNeuter, DevoteeNeuterPlural. Places/objects: HouseOfWorship, HouseOfWorship2, HouseOfWorship3, HouseOfWorshipPlural, ReligiousSymbol, ReligiousSymbol2, ReligiousSymbol3, ReligiousText, ReligiousText2, ReligiousText3, DivineRealm, DivineRealm2, DivineRealm3, PositiveAfterLife, PositiveAfterLife2, PositiveAfterLife3, NegativeAfterLife, NegativeAfterLife2, NegativeAfterLife3. Head: ReligiousHeadName, ReligiousHeadTitleName. GHW: GHWName, GHWNamePlural."
localization,-,faith base loc keys (outside the block),-,-,localization/english/fae_religion_l_english.yml,<faith_id>; <faith_id>_adj; <faith_id>_adherent; <faith_id>_adherent_plural; <faith_id>_desc,yml entries,exact,-,Religion_modding wiki (base keys) ; consistent with vanilla faith loc,"Also needed per holy site: holy_site_<id>_name, holy_site_<id>_effect_name, holy_site_<id>_effects (HI). Owned by the `localisation` lane; listed here so nothing is forgotten."
