y,x,index_rgba,intensity_rgba,material_ids,mask_values_at_those_ids,top4_by_mask,in_top4
3091,7816,6/7/5/255,141/112/2/0,beach_02/beach_02_mediterranean/debug/?,141/112/2/-1,beach_02/beach_02_mediterranean/debug/drought,3
3709,8304,6/7/5/255,141/112/2/0,beach_02/beach_02_mediterranean/debug/?,141/112/2/-1,beach_02/beach_02_mediterranean/debug/drought,3
104,9054,6/5/255/255,251/4/0/0,beach_02/debug/?/?,251/4/-1/-1,beach_02/debug/drought/drought_cracks,2
3722,9001,6/5/255/255,248/7/0/0,beach_02/debug/?/?,248/7/-1/-1,beach_02/debug/drought/drought_cracks,2
2160,8338,6/5/255/255,250/5/0/0,beach_02/debug/?/?,250/5/-1/-1,beach_02/debug/drought/drought_cracks,2
2374,4319,15/78/86/85,136/119/0/0,desert_rocky/gen_central_mountain_transition/gen_desert_base/gen_steppe_mountain_transition,55/0/13/0,desert_rocky/gen_desert_lowlands_02/gen_drylands_lowlands/gen_drylands_lowlands_03,1
2904,6210,63/45/64/65,115/84/56/0,central_lowlands_02/mountain_02_desert_c/central_lowlands_03/gen_tropical_base,0/0/0/12,gen_central_lowlands/plains_01_rough/gen_central_lowlands_02/gen_central_lowlands_03,0
1316,1108,6/255/255/255,255/0/0/0,beach_02/?/?/?,255/-1/-1/-1,beach_02/drought/flood/drought_cracks,1
4513,8312,6/5/255/255,249/6/0/0,beach_02/debug/?/?,249/6/-1/-1,beach_02/debug/drought/drought_cracks,2
248,4243,47/92/93/94,196/27/18/14,mountain_03/gen_desert_mountain/gen_desert_mountain_transition/gen_drylands_base,0/0/0/0,steppe_bushes/gen_northern_lowlands/gen_northern_lowlands_02/gen_northern_lowlands_03,0
1280,3355,25/71/70/63,158/57/22/18,forest_leaf_01/gen_tropical_mountain_transition/gen_tropical_mountain/central_lowlands_02,137/0/0/0,forest_leaf_01/gen_steppe_lowlands_02/gen_steppe_lowlands/gen_central_lowlands,1
1766,5006,82/76/78/86,194/61/0/0,gen_steppe_lowlands_03/gen_central_hills/gen_central_mountain_transition/gen_desert_base,0/0/0/43,gen_desert_mountain/gen_desert_base/gen_drylands_lowlands_02/gen_desert_lowlands_02,1
2632,1611,6/12/18/11,128/49/48/30,beach_02/desert_02/drylands_01/desert_01,127/48/47/30,beach_02/desert_02/drylands_01/desert_01,4
1882,7249,6/5/255/255,251/4/0/0,beach_02/debug/?/?,251/4/-1/-1,beach_02/debug/drought/drought_cracks,2
603,7529,64/68/93/255,105/75/75/0,central_lowlands_03/gen_tropical_lowlands_03/gen_desert_mountain_transition/?,0/0/0/-1,gen_central_lowlands_02/gen_central_mountain_transition/gen_northern_lowlands_02/gen_central_lowlands,0
208,9208,6/5/255/255,250/5/0/0,beach_02/debug/?/?,250/5/-1/-1,beach_02/debug/drought/drought_cracks,2
4,1839,6/5/255/255,249/6/0/0,beach_02/debug/?/?,249/6/-1/-1,beach_02/debug/drought/drought_cracks,2
224,2256,26/92/27/94,178/49/28/0,forest_pine_01/gen_desert_mountain/forestfloor/gen_drylands_base,148/0/23/0,forest_pine_01/gen_northern_lowlands/forestfloor/gen_northern_lowlands_03,2
685,3258,26/93/95/94,152/36/35/32,forest_pine_01/gen_desert_mountain_transition/gen_drylands_lowlands/gen_drylands_base,136/0/0/0,forest_pine_01/gen_northern_lowlands_02/gen_northern_hills/gen_northern_lowlands_03,1
4604,315,6/5/255/255,249/6/0/0,beach_02/debug/?/?,249/6/-1/-1,beach_02/debug/drought/drought_cracks,2
880,1764,26/94/65/64,147/61/47/0,forest_pine_01/gen_drylands_base/gen_tropical_base/central_lowlands_03,103/0/0/0,forest_pine_01/gen_northern_lowlands_03/gen_central_lowlands_03/gen_central_lowlands_02,1
3006,9047,6/5/255/255,248/7/0/0,beach_02/debug/?/?,248/7/-1/-1,beach_02/debug/drought/drought_cracks,2
3457,6417,6/7/5/255,141/112/2/0,beach_02/beach_02_mediterranean/debug/?,141/112/2/-1,beach_02/beach_02_mediterranean/debug/drought,3
1080,21,6/5/255/255,249/6/0/0,beach_02/debug/?/?,249/6/-1/-1,beach_02/debug/drought/drought_cracks,2
1300,5666,42/28/70/69,125/87/43/0,mountain_02_d/hills_01/gen_tropical_mountain/gen_tropical_hills,0/60/0/0,plains_01_dry/hills_01/gen_steppe_lowlands/gen_steppe_base,1
2004,8871,6/5/255/255,249/6/0/0,beach_02/debug/?/?,249/6/-1/-1,beach_02/debug/drought/drought_cracks,2
1212,649,6/27/5/28,167/86/1/1,beach_02/forestfloor/debug/hills_01,167/86/1/1,beach_02/forestfloor/hills_01/debug,4
4489,8230,6/5/255/255,249/6/0/0,beach_02/debug/?/?,249/6/-1/-1,beach_02/debug/drought/drought_cracks,2
818,767,27/75/97/91,232/12/8/3,forestfloor/gen_central_lowlands_03/gen_drylands_lowlands_03/gen_desert_hills,230/0/0/0,forestfloor/gen_steppe_mountain_transition/gen_northern_mountain_transition/gen_northern_base,1
4136,8290,6/5/255/255,250/5/0/0,beach_02/debug/?/?,250/5/-1/-1,beach_02/debug/drought/drought_cracks,2
3675,9110,6/5/255/255,248/7/0/0,beach_02/debug/?/?,248/7/-1/-1,beach_02/debug/drought/drought_cracks,2
3890,3709,6/12/11/18,182/45/15/13,beach_02/desert_02/desert_01/drylands_01,173/43/14/12,beach_02/desert_02/desert_01/drylands_01,4
533,3881,26/94/92/93,222/13/10/10,forest_pine_01/gen_drylands_base/gen_desert_mountain/gen_desert_mountain_transition,212/0/0/0,forest_pine_01/gen_northern_lowlands_03/gen_northern_lowlands/gen_northern_lowlands_02,1
1808,1847,45/63/44/41,221/34/0/0,mountain_02_desert_c/central_lowlands_02/mountain_02_d_valleys/mountain_02_c_snow,0/0/0/0,plains_01_rough/gen_central_lowlands_02/gen_central_lowlands/plains_01,0
2893,1407,17/76/78/80,157/54/29/15,desert_wavy_01_larger/gen_central_hills/gen_central_mountain_transition/gen_steppe_lowlands,147/0/0/0,desert_wavy_01_larger/gen_desert_base/gen_desert_lowlands_02/gen_desert_lowlands_04,1
2271,5510,81/6/88/78,255/0/0/0,gen_steppe_lowlands_02/beach_02/gen_desert_lowlands_02/gen_central_mountain_transition,0/7/23/0,gen_desert_hills/gen_drylands_hills/gen_desert_lowlands_02/beach_02_pebbles,1
3068,8561,6/5/255/255,248/7/0/0,beach_02/debug/?/?,248/7/-1/-1,beach_02/debug/drought/drought_cracks,2
3118,3985,16/76/78/13,154/54/31/16,desert_wavy_01/gen_central_hills/gen_central_mountain_transition/desert_cracked,141/0/0/15,desert_wavy_01/gen_desert_base/gen_desert_lowlands_02/desert_cracked,2
3054,4580,6/8/5/255,137/115/3/0,beach_02/beach_02_pebbles/debug/?,137/115/3/-1,beach_02/beach_02_pebbles/debug/drought,3
280,6540,47/92/94/93,128/74/29/24,mountain_03/gen_desert_mountain/gen_drylands_base/gen_desert_mountain_transition,0/0/0/0,steppe_bushes/gen_northern_lowlands/gen_northern_lowlands_03/gen_northern_lowlands_02,0
4419,8392,6/5/255/255,249/6/0/0,beach_02/debug/?/?,249/6/-1/-1,beach_02/debug/drought/drought_cracks,2
2560,1769,6/5/12/255,246/6/3/0,beach_02/debug/desert_02/?,246/6/3/-1,beach_02/debug/desert_02/drought,3
4163,129,6/5/255/255,250/5/0/0,beach_02/debug/?/?,250/5/-1/-1,beach_02/debug/drought/drought_cracks,2
1250,4334,72/71/10/73,120/101/34/0,gen_central_base/gen_tropical_mountain_transition/coastline_cliff_grey/gen_central_lowlands,0/0/25/0,gen_steppe_lowlands_03/gen_steppe_lowlands_02/coastline_cliff_grey/drylands_01_grassy,1
1665,5252,82/46/83/79,99/95/42/19,gen_steppe_lowlands_03/mountain_02_snow/gen_steppe_hills/gen_steppe_base,0/1/0/0,gen_desert_mountain/snow/gen_desert_mountain_transition/gen_desert_lowlands_03,0
4053,8415,6/7/5/255,144/109/2/0,beach_02/beach_02_mediterranean/debug/?,144/109/2/-1,beach_02/beach_02_mediterranean/debug/drought,3
861,410,6/5/255/255,250/5/0/0,beach_02/debug/?/?,250/5/-1/-1,beach_02/debug/drought/drought_cracks,2
295,5429,92/47/93/255,152/64/39/0,gen_desert_mountain/mountain_03/gen_desert_mountain_transition/?,0/0/0/-1,gen_northern_lowlands/steppe_bushes/gen_northern_lowlands_02/gen_central_lowlands,0
1722,2030,45/64/65/41,118/74/63/0,mountain_02_desert_c/central_lowlands_03/gen_tropical_base/mountain_02_c_snow,0/0/0/0,plains_01_rough/gen_central_lowlands_02/gen_central_lowlands_03/gen_drylands_lowlands_02,0
3129,8553,6/5/255/255,248/7/0/0,beach_02/debug/?/?,248/7/-1/-1,beach_02/debug/drought/drought_cracks,2
563,6758,41/93/64/70,121/86/26/22,mountain_02_c_snow/gen_desert_mountain_transition/central_lowlands_03/gen_tropical_mountain,0/0/0/0,plains_01/gen_northern_lowlands_02/gen_central_lowlands_02/gen_steppe_lowlands,0
4009,6915,6/7/5/255,157/96/2/0,beach_02/beach_02_mediterranean/debug/?,157/96/2/-1,beach_02/beach_02_mediterranean/debug/drought,3
1571,8727,6/5/255/255,250/5/0/0,beach_02/debug/?/?,250/5/-1/-1,beach_02/debug/drought/drought_cracks,2
1047,1238,6/5/255/255,249/6/0/0,beach_02/debug/?/?,249/6/-1/-1,beach_02/debug/drought/drought_cracks,2
2508,3551,86/87/89/85,139/116/0/0,gen_desert_base/gen_desert_lowlands/gen_desert_lowlands_03/gen_steppe_mountain_transition,2/0/0/0,gen_drylands_lowlands_02/gen_drylands_lowlands_03/gen_drylands_lowlands/gen_drylands_mountain,0
4126,5947,6/5/255/255,248/7/0/0,beach_02/debug/?/?,248/7/-1/-1,beach_02/debug/drought/drought_cracks,2
4073,5621,6/5/255/255,249/6/0/0,beach_02/debug/?/?,249/6/-1/-1,beach_02/debug/drought/drought_cracks,2
4019,1701,57/24/38/43,110/89/28/28,steppe_bushes/forest_jungle_01/mountain_02/mountain_02_d_snow,0/74/0/0,gen_tropical_lowlands_02/forest_jungle_01/mud_wet_01/plains_01_dry_mud,1
1412,130,6/5/255/255,249/6/0/0,beach_02/debug/?/?,249/6/-1/-1,beach_02/debug/drought/drought_cracks,2
85,658,6/5/255/255,249/6/0/0,beach_02/debug/?/?,249/6/-1/-1,beach_02/debug/drought/drought_cracks,2
3585,1489,18/78/20/255,99/81/75/0,drylands_01/gen_central_mountain_transition/drylands_01_grassy/?,69/0/52/-1,drylands_01/gen_desert_lowlands_02/drylands_01_grassy/gen_drylands_lowlands_02,2
3260,5563,6/5/255/255,249/6/0/0,beach_02/debug/?/?,249/6/-1/-1,beach_02/debug/drought/drought_cracks,2
3552,3072,86/87/88/30,129/103/23/0,gen_desert_base/gen_desert_lowlands/gen_desert_lowlands_02/hills_01_rocks_medi,0/0/6/17,gen_drylands_lowlands_02/gen_drylands_lowlands_03/gen_drylands_hills/hills_01_rocks_medi,1
5,81,6/5/255/255,249/6/0/0,beach_02/debug/?/?,249/6/-1/-1,beach_02/debug/drought/drought_cracks,2
174,8274,6/5/255/255,251/4/0/0,beach_02/debug/?/?,251/4/-1/-1,beach_02/debug/drought/drought_cracks,2
2319,484,101/99/98/100,98/82/41/34,gen_northern_base/gen_drylands_mountain/gen_drylands_hills/gen_drylands_mountain_transition,0/0/0/0,gen_mediterranean_lowlands_03/gen_mediterranean_lowlands/gen_mediterranean_base/gen_mediterranean_lowlands_02,0
1544,331,6/5/255/255,249/6/0/0,beach_02/debug/?/?,249/6/-1/-1,beach_02/debug/drought/drought_cracks,2
2012,3599,6/8/5/12,136/114/3/2,beach_02/beach_02_pebbles/debug/desert_02,136/114/3/2,beach_02/beach_02_pebbles/debug/desert_02,4
4291,5993,6/5/255/255,249/6/0/0,beach_02/debug/?/?,249/6/-1/-1,beach_02/debug/drought/drought_cracks,2
936,1667,94/65/64/35,92/81/43/39,gen_drylands_base/gen_tropical_base/central_lowlands_03/medi_grass_01,0/0/0/29,gen_northern_lowlands_03/gen_central_lowlands_03/gen_central_lowlands_02/medi_grass_01,1
2432,2407,6/5/255/255,249/6/0/0,beach_02/debug/?/?,249/6/-1/-1,beach_02/debug/drought/drought_cracks,2
1497,6126,78/76/81/83,159/56/40/0,gen_central_mountain_transition/gen_central_hills/gen_steppe_lowlands_02/gen_steppe_hills,0/0/0/0,gen_desert_lowlands_02/gen_desert_base/gen_desert_hills/gen_desert_mountain,0
1359,8985,6/5/255/255,249/6/0/0,beach_02/debug/?/?,249/6/-1/-1,beach_02/debug/drought/drought_cracks,2
3715,2562,85/20/87/19,119/53/45/38,gen_steppe_mountain_transition/drylands_01_grassy/gen_desert_lowlands/drylands_01_cracked,0/39/0/28,gen_drylands_lowlands/drylands_01_grassy/gen_drylands_lowlands_03/drylands_01_cracked,2
706,3029,94/93/26/91,116/84/43/12,gen_drylands_base/gen_desert_mountain_transition/forest_pine_01/gen_desert_hills,0/0/42/0,gen_northern_lowlands_03/gen_northern_lowlands_02/forest_pine_01/gen_northern_base,1
1458,2228,28/67/63/31,128/80/47/0,hills_01/gen_tropical_lowlands_02/central_lowlands_02/hills_01_rocks_small,79/0/0/18,hills_01/gen_central_mountain/gen_central_lowlands_02/gen_central_lowlands,1
547,5563,94/26/92/65,107/104/28/16,gen_drylands_base/forest_pine_01/gen_desert_mountain/gen_tropical_base,0/94/0/0,gen_northern_lowlands_03/forest_pine_01/gen_northern_lowlands/gen_central_lowlands_03,1
686,5082,26/94/93/65,210/25/20/0,forest_pine_01/gen_drylands_base/gen_desert_mountain_transition/gen_tropical_base,192/0/0/0,forest_pine_01/gen_northern_lowlands_03/gen_northern_lowlands_02/gen_central_lowlands_02,1
1294,7442,25/65/63/64,117/55/44/39,forest_leaf_01/gen_tropical_base/central_lowlands_02/central_lowlands_03,107/0/0/0,forest_leaf_01/gen_central_lowlands_03/gen_central_lowlands/gen_central_lowlands_02,1
3218,4835,6/8/5/7,128/124/2/1,beach_02/beach_02_pebbles/debug/beach_02_mediterranean,128/124/2/1,beach_02/beach_02_pebbles/debug/beach_02_mediterranean,4
2670,4769,20/76/33/16,82/75/69/29,drylands_01_grassy/gen_central_hills/medi_dry_mud/desert_wavy_01,75/0/63/27,drylands_01_grassy/gen_desert_base/medi_dry_mud/desert_wavy_01,3
2066,7794,6/5/255/255,250/5/0/0,beach_02/debug/?/?,250/5/-1/-1,beach_02/debug/drought/drought_cracks,2
781,4945,26/27/64/93,161/45/26/23,forest_pine_01/forestfloor/central_lowlands_03/gen_desert_mountain_transition,151/42/0/0,forest_pine_01/forestfloor/gen_central_lowlands_02/gen_northern_lowlands_02,2
3681,7563,6/7/59/255,141/113/1/0,beach_02/beach_02_mediterranean/steppe_rocks/?,140/112/0/-1,beach_02/beach_02_mediterranean/debug/gen_tropical_hills,2
3685,6819,45/57/54/58,196/31/28/0,mountain_02_desert_c/steppe_bushes/plains_01_noisy/steppe_grass,0/0/0/0,plains_01_rough/gen_tropical_lowlands_02/central_lowlands_03/central_lowlands_02,0
1085,8606,6/5/255/255,251/4/0/0,beach_02/debug/?/?,251/4/-1/-1,beach_02/debug/drought/drought_cracks,2
275,8598,6/5/255/255,251/4/0/0,beach_02/debug/?/?,251/4/-1/-1,beach_02/debug/drought/drought_cracks,2
1473,1024,25/65/64/63,87/62/59/47,forest_leaf_01/gen_tropical_base/central_lowlands_03/central_lowlands_02,80/0/0/0,forest_leaf_01/gen_central_lowlands_03/gen_central_lowlands_02/gen_central_lowlands,1
672,3044,94/26/93/91,107/88/53/7,gen_drylands_base/forest_pine_01/gen_desert_mountain_transition/gen_desert_hills,0/87/0/0,gen_northern_lowlands_03/forest_pine_01/gen_northern_lowlands_02/gen_northern_base,1
3685,519,45/20/18/86,125/87/43/0,mountain_02_desert_c/drylands_01_grassy/drylands_01/gen_desert_base,0/59/29/0,plains_01_rough/drylands_01_grassy/drylands_01/gen_drylands_lowlands_02,2
2394,8489,6/5/255/255,249/6/0/0,beach_02/debug/?/?,249/6/-1/-1,beach_02/debug/drought/drought_cracks,2
2336,6926,63/68/25/65,107/97/51/0,central_lowlands_02/gen_tropical_lowlands_03/forest_leaf_01/gen_tropical_base,0/0/41/0,gen_central_lowlands/gen_central_mountain_transition/forest_leaf_01/gen_central_lowlands_02,1
1338,8213,6/5/255/255,250/5/0/0,beach_02/debug/?/?,250/5/-1/-1,beach_02/debug/drought/drought_cracks,2
2333,3689,45/88/8/35,125/78/52/0,mountain_02_desert_c/gen_desert_lowlands_02/beach_02_pebbles/medi_grass_01,0/0/24/24,mountain_02_b/plains_01_rough/gen_drylands_hills/gen_drylands_mountain_transition,0
4458,9111,6/5/255/255,249/6/0/0,beach_02/debug/?/?,249/6/-1/-1,beach_02/debug/drought/drought_cracks,2
1088,490,50/62/65/28,212/16/14/13,oasis/central_mountain/gen_tropical_base/hills_01,0/0/0/12,wetlands_02/gen_central_base/gen_central_lowlands_03/hills_01,1
3539,4419,6/5/255/255,249/6/0/0,beach_02/debug/?/?,249/6/-1/-1,beach_02/debug/drought/drought_cracks,2
66,4886,93/94/47/92,128/77/31/19,gen_desert_mountain_transition/gen_drylands_base/mountain_03/gen_desert_mountain,0/0/0/0,gen_northern_lowlands_02/gen_northern_lowlands_03/steppe_bushes/gen_northern_lowlands,0
1446,7978,6/5/255/255,250/5/0/0,beach_02/debug/?/?,250/5/-1/-1,beach_02/debug/drought/drought_cracks,2
4300,2953,24/85/87/86,209/18/18/10,forest_jungle_01/gen_steppe_mountain_transition/gen_desert_lowlands/gen_desert_base,194/0/0/0,forest_jungle_01/gen_drylands_lowlands/gen_drylands_lowlands_03/gen_drylands_lowlands_02,1
4014,1612,24/58/20/55,107/102/33/13,forest_jungle_01/steppe_grass/drylands_01_grassy/plains_01_rough,97/0/30/0,forest_jungle_01/gen_tropical_lowlands_03/drylands_01_grassy/gen_tropical_base,2
395,1972,26/94/95/255,211/44/0/0,forest_pine_01/gen_drylands_base/gen_drylands_lowlands/?,128/0/0/-1,forest_pine_01/gen_northern_lowlands_03/gen_northern_lowlands/forestfloor,1
3884,5874,6/5/255/255,249/6/0/0,beach_02/debug/?/?,249/6/-1/-1,beach_02/debug/drought/drought_cracks,2
3893,6126,6/5/255/255,250/5/0/0,beach_02/debug/?/?,250/5/-1/-1,beach_02/debug/drought/drought_cracks,2
2088,4120,16/78/76/79,84/72/60/39,desert_wavy_01/gen_central_mountain_transition/gen_central_hills/gen_steppe_base,72/0/0/0,desert_wavy_01/gen_desert_lowlands_02/gen_desert_base/gen_desert_lowlands_03,1
1695,6766,64/16/65/76,138/61/56/0,central_lowlands_03/desert_wavy_01/gen_tropical_base/gen_central_hills,0/35/0/14,gen_central_lowlands_02/desert_wavy_01/gen_central_lowlands_03/gen_desert_base,1
4517,7316,6/5/255/255,249/6/0/0,beach_02/debug/?/?,249/6/-1/-1,beach_02/debug/drought/drought_cracks,2
4382,2398,24/58/57/55,193/36/15/11,forest_jungle_01/steppe_grass/steppe_bushes/plains_01_rough,190/0/0/0,forest_jungle_01/gen_tropical_lowlands_03/gen_tropical_lowlands_02/gen_tropical_base,1
3120,7887,6/5/255/255,248/7/0/0,beach_02/debug/?/?,248/7/-1/-1,beach_02/debug/drought/drought_cracks,2
1840,6136,9/78/76/81,97/96/62/0,coastline_cliff_desert/gen_central_mountain_transition/gen_central_hills/gen_steppe_lowlands_02,63/0/0/0,coastline_cliff_desert/gen_desert_lowlands_02/gen_desert_base/desert_wavy_01,1
968,7771,63/62/64/65,135/45/44/31,central_lowlands_02/central_mountain/central_lowlands_03/gen_tropical_base,0/0/0/0,gen_central_lowlands/gen_central_base/gen_central_lowlands_02/gen_central_lowlands_03,0
4315,2081,24/58/55/57,218/15/11/11,forest_jungle_01/steppe_grass/plains_01_rough/steppe_bushes,213/0/0/0,forest_jungle_01/gen_tropical_lowlands_03/gen_tropical_base/gen_tropical_lowlands_02,1
1238,6471,69/67/63/64,136/119/0/0,gen_tropical_hills/gen_tropical_lowlands_02/central_lowlands_02/central_lowlands_03,0/0/0/0,gen_steppe_base/gen_central_mountain/gen_steppe_lowlands_02/gen_steppe_lowlands,0
2562,8161,6/5/255/255,249/6/0/0,beach_02/debug/?/?,249/6/-1/-1,beach_02/debug/drought/drought_cracks,2
3108,7174,6/5/255/255,248/7/0/0,beach_02/debug/?/?,248/7/-1/-1,beach_02/debug/drought/drought_cracks,2
1106,3671,25/45/71/43,118/79/58/0,forest_leaf_01/mountain_02_desert_c/gen_tropical_mountain_transition/mountain_02_d_snow,72/0/0/0,forest_leaf_01/plains_01_rough/gen_steppe_lowlands_02/plains_01_dry_mud,1
1452,570,6/5/255/255,250/5/0/0,beach_02/debug/?/?,250/5/-1/-1,beach_02/debug/drought/drought_cracks,2
3416,4360,6/5/255/255,249/6/0/0,beach_02/debug/?/?,249/6/-1/-1,beach_02/debug/drought/drought_cracks,2
909,6292,68/66/63/67,116/78/61/0,gen_tropical_lowlands_03/gen_tropical_lowlands/central_lowlands_02/gen_tropical_lowlands_02,0/0/0/0,gen_central_mountain_transition/gen_central_hills/gen_central_lowlands/gen_central_lowlands_03,0
3107,1547,78/16/80/76,134/50/39/32,gen_central_mountain_transition/desert_wavy_01/gen_steppe_lowlands/gen_central_hills,0/50/0/0,gen_desert_lowlands_02/desert_wavy_01/gen_desert_lowlands_04/gen_desert_base,1
4352,4625,6/5/255/255,249/6/0/0,beach_02/debug/?/?,249/6/-1/-1,beach_02/debug/drought/drought_cracks,2
3152,4280,6/5/255/255,249/6/0/0,beach_02/debug/?/?,249/6/-1/-1,beach_02/debug/drought/drought_cracks,2
2977,8994,6/5/255/255,248/7/0/0,beach_02/debug/?/?,248/7/-1/-1,beach_02/debug/drought/drought_cracks,2
2137,2553,6/27/7/10,137/116/1/1,beach_02/forestfloor/beach_02_mediterranean/coastline_cliff_grey,136/116/1/1,beach_02/forestfloor/coastline_cliff_grey/beach_02_mediterranean,4
4460,6666,6/5/255/255,249/6/0/0,beach_02/debug/?/?,249/6/-1/-1,beach_02/debug/drought/drought_cracks,2
1022,7223,65/25/64/63,103/74/67/11,gen_tropical_base/forest_leaf_01/central_lowlands_03/central_lowlands_02,0/70/0/0,gen_central_lowlands_03/forest_leaf_01/gen_central_lowlands_02/gen_central_lowlands,1
1639,3570,78/79/76/18,127/58/39/31,gen_central_mountain_transition/gen_steppe_base/gen_central_hills/drylands_01,0/0/0/24,gen_desert_lowlands_02/gen_desert_lowlands_03/gen_desert_base/drylands_01,1
2953,1246,76/78/17/80,96/92/46/21,gen_central_hills/gen_central_mountain_transition/desert_wavy_01_larger/gen_steppe_lowlands,0/0/42/0,gen_desert_base/gen_desert_lowlands_02/desert_wavy_01_larger/gen_desert_lowlands_04,1
3017,6230,24/56/59/55,169/60/15/11,forest_jungle_01/snow/steppe_rocks/plains_01_rough,163/0/0/0,forest_jungle_01/gen_tropical_lowlands/gen_tropical_hills/gen_tropical_base,1
493,4919,26/93/94/91,206/22/20/7,forest_pine_01/gen_desert_mountain_transition/gen_drylands_base/gen_desert_hills,201/0/0/0,forest_pine_01/gen_northern_lowlands_02/gen_northern_lowlands_03/gen_northern_base,1
747,8365,6/27/5/255,195/60/0/0,beach_02/forestfloor/debug/?,194/60/1/-1,beach_02/forestfloor/debug/drought,3
3189,3725,16/76/79/78,169/53/33/0,desert_wavy_01/gen_central_hills/gen_steppe_base/gen_central_mountain_transition,151/0/0/0,desert_wavy_01/gen_desert_base/gen_desert_lowlands_03/gen_desert_lowlands_04,1
3873,2777,24/56/57/38,111/59/54/31,forest_jungle_01/snow/steppe_bushes/mountain_02,90/0/0/0,forest_jungle_01/gen_tropical_lowlands/gen_tropical_lowlands_02/mud_wet_01,1
2927,8411,6/5/255/255,248/7/0/0,beach_02/debug/?/?,248/7/-1/-1,beach_02/debug/drought/drought_cracks,2
4301,3742,6/5/255/255,249/6/0/0,beach_02/debug/?/?,249/6/-1/-1,beach_02/debug/drought/drought_cracks,2
1734,6033,81/18/85/76,117/70/68/0,gen_steppe_lowlands_02/drylands_01/gen_steppe_mountain_transition/gen_central_hills,0/36/0/0,gen_desert_hills/drylands_01/gen_drylands_lowlands/gen_drylands_hills,1
1519,2099,64/29/67/65,148/107/0/0,central_lowlands_03/hills_01_rocks/gen_tropical_lowlands_02/gen_tropical_base,0/56/0/0,gen_central_lowlands_02/hills_01_rocks/gen_central_lowlands_03/gen_central_mountain_transition,1
3679,5186,24/57/58/255,235/20/0/0,forest_jungle_01/steppe_bushes/steppe_grass/?,207/0/0/-1,forest_jungle_01/gen_tropical_lowlands_02/beach_02_mediterranean/gen_tropical_base,1
189,4825,47/92/93/94,152/58/29/16,mountain_03/gen_desert_mountain/gen_desert_mountain_transition/gen_drylands_base,0/0/0/0,steppe_bushes/gen_northern_lowlands/gen_northern_lowlands_02/gen_northern_lowlands_03,0
894,1349,6/5/255/255,249/6/0/0,beach_02/debug/?/?,249/6/-1/-1,beach_02/debug/drought/drought_cracks,2
888,9193,6/5/255/255,249/6/0/0,beach_02/debug/?/?,249/6/-1/-1,beach_02/debug/drought/drought_cracks,2
1799,958,25/68/63/65,124/55/43/33,forest_leaf_01/gen_tropical_lowlands_03/central_lowlands_02/gen_tropical_base,104/0/0/0,forest_leaf_01/gen_central_mountain_transition/gen_central_lowlands/gen_central_lowlands_03,1
722,2906,26/94/93/92,95/90/58/12,forest_pine_01/gen_drylands_base/gen_desert_mountain_transition/gen_desert_mountain,82/0/0/0,forest_pine_01/gen_northern_lowlands_03/gen_northern_lowlands_02/gen_northern_lowlands,1
3676,5577,6/5/255/255,249/6/0/0,beach_02/debug/?/?,249/6/-1/-1,beach_02/debug/drought/drought_cracks,2
3900,2311,24/58/43/42,84/84/49/38,forest_jungle_01/steppe_grass/mountain_02_d_snow/mountain_02_d,73/0/0/0,forest_jungle_01/gen_tropical_lowlands_03/plains_01_dry_mud/plains_01_dry,1
1753,8482,6/5/255/255,251/4/0/0,beach_02/debug/?/?,251/4/-1/-1,beach_02/debug/drought/drought_cracks,2
135,3512,94/93/47/92,155/75/25/0,gen_drylands_base/gen_desert_mountain_transition/mountain_03/gen_desert_mountain,0/0/0/0,gen_northern_lowlands_03/gen_northern_lowlands_02/steppe_bushes/gen_northern_lowlands,0
3286,753,78/76/17/255,175/67/13/0,gen_central_mountain_transition/gen_central_hills/desert_wavy_01_larger/?,0/0/12/-1,gen_desert_lowlands_02/gen_desert_base/desert_wavy_01_larger/gen_desert_lowlands_04,1
496,717,6/27/5/255,156/94/5/0,beach_02/forestfloor/debug/?,156/94/5/-1,beach_02/forestfloor/debug/drought,3
2822,3888,82/90/89/83,79/74/70/32,gen_steppe_lowlands_03/gen_desert_lowlands_04/gen_desert_lowlands_03/gen_steppe_hills,0/0/12/0,gen_desert_mountain/gen_drylands_mountain_transition/gen_drylands_mountain/gen_desert_mountain_transition,0
788,1654,63/39/45/41,95/80/52/28,central_lowlands_02/mountain_02_b/mountain_02_desert_c/mountain_02_c_snow,0/0/0/0,gen_central_lowlands/northern_plains_01/plains_01_rough/plains_01,0
4336,3409,7/255/255/255,255/0/0/0,beach_02_mediterranean/?/?/?,255/-1/-1/-1,beach_02_mediterranean/drought/flood/drought_cracks,1
3122,4848,58/24/55/57,141/101/13/0,steppe_grass/forest_jungle_01/plains_01_rough/steppe_bushes,0/93/0/0,gen_tropical_lowlands_03/forest_jungle_01/gen_tropical_base/gen_tropical_lowlands_02,1
4569,205,6/5/255/255,249/6/0/0,beach_02/debug/?/?,249/6/-1/-1,beach_02/debug/drought/drought_cracks,2
2842,6810,6/7/5/255,141/112/2/0,beach_02/beach_02_mediterranean/debug/?,141/112/2/-1,beach_02/beach_02_mediterranean/debug/drought,3
3334,5752,6/5/255/255,249/6/0/0,beach_02/debug/?/?,249/6/-1/-1,beach_02/debug/drought/drought_cracks,2
1732,8625,6/5/255/255,250/5/0/0,beach_02/debug/?/?,250/5/-1/-1,beach_02/debug/drought/drought_cracks,2
3727,4268,6/5/255/255,249/6/0/0,beach_02/debug/?/?,249/6/-1/-1,beach_02/debug/drought/drought_cracks,2
520,6412,26/94/92/91,202/28/13/12,forest_pine_01/gen_drylands_base/gen_desert_mountain/gen_desert_hills,181/0/0/0,forest_pine_01/gen_northern_lowlands_03/gen_northern_lowlands/gen_northern_base,1
704,4445,26/93/94/91,174/50/25/6,forest_pine_01/gen_desert_mountain_transition/gen_drylands_base/gen_desert_hills,169/0/0/0,forest_pine_01/gen_northern_lowlands_02/gen_northern_lowlands_03/gen_northern_base,1
1660,1712,68/63/65/64,179/44/18/14,gen_tropical_lowlands_03/central_lowlands_02/gen_tropical_base/central_lowlands_03,0/0/0/0,gen_central_mountain_transition/gen_central_lowlands/gen_central_lowlands_03/gen_central_lowlands_02,0
3284,7648,6/7/5/255,141/112/2/0,beach_02/beach_02_mediterranean/debug/?,141/112/2/-1,beach_02/beach_02_mediterranean/debug/drought,3
2237,6326,90/83/88/81,110/60/47/38,gen_desert_lowlands_04/gen_steppe_hills/gen_desert_lowlands_02/gen_steppe_lowlands_02,0/0/0/0,gen_drylands_mountain_transition/gen_desert_mountain_transition/gen_drylands_hills/gen_desert_hills,0
3905,5740,6/5/255/255,249/6/0/0,beach_02/debug/?/?,249/6/-1/-1,beach_02/debug/drought/drought_cracks,2
4338,5618,6/5/255/255,249/6/0/0,beach_02/debug/?/?,249/6/-1/-1,beach_02/debug/drought/drought_cracks,2
1848,2212,103/101/67/46,102/91/62/0,gen_northern_lowlands_02/gen_northern_base/gen_tropical_lowlands_02/mountain_02_snow,0/0/0/0,gen_mediterranean_mountain/gen_mediterranean_lowlands_03/gen_central_mountain/gen_central_lowlands_03,0
1953,3486,28/64/66/29,255/0/0/0,hills_01/central_lowlands_03/gen_tropical_lowlands/hills_01_rocks,33/0/0/21,hills_01/gen_central_hills/gen_drylands_hills/gen_central_lowlands_02,1
2549,8853,6/5/255/255,248/7/0/0,beach_02/debug/?/?,248/7/-1/-1,beach_02/debug/drought/drought_cracks,2
2974,6930,6/5/255/255,248/7/0/0,beach_02/debug/?/?,248/7/-1/-1,beach_02/debug/drought/drought_cracks,2
2209,8518,6/5/255/255,249/6/0/0,beach_02/debug/?/?,249/6/-1/-1,beach_02/debug/drought/drought_cracks,2
2774,2933,15/76/78/5,112/89/29/25,desert_rocky/gen_central_hills/gen_central_mountain_transition/debug,85/0/0/19,desert_rocky/gen_desert_base/gen_desert_lowlands_02/debug,2
4416,6383,6/5/255/255,249/6/0/0,beach_02/debug/?/?,249/6/-1/-1,beach_02/debug/drought/drought_cracks,2
3382,6760,6/5/255/255,248/7/0/0,beach_02/debug/?/?,248/7/-1/-1,beach_02/debug/drought/drought_cracks,2
1462,1128,45/25/66/64,160/49/30/16,mountain_02_desert_c/forest_leaf_01/gen_tropical_lowlands/central_lowlands_03,0/46/0/0,plains_01_rough/forest_leaf_01/gen_central_hills/gen_central_lowlands_02,1
1959,5004,18/78/76/86,125/70/60/0,drylands_01/gen_central_mountain_transition/gen_central_hills/gen_desert_base,63/0/0/30,drylands_01/gen_desert_lowlands_02/gen_desert_base/gen_drylands_lowlands_02,2
1852,5834,90/83/88/81,106/62/50/37,gen_desert_lowlands_04/gen_steppe_hills/gen_desert_lowlands_02/gen_steppe_lowlands_02,19/0/17/0,gen_drylands_mountain_transition/gen_desert_mountain_transition/gen_drylands_hills/gen_desert_hills,0
692,121,6/5/255/255,249/6/0/0,beach_02/debug/?/?,249/6/-1/-1,beach_02/debug/drought/drought_cracks,2
4,14,6/5/255/255,249/6/0/0,beach_02/debug/?/?,249/6/-1/-1,beach_02/debug/drought/drought_cracks,2
3649,14,6/5/12/255,247/6/2/0,beach_02/debug/desert_02/?,247/6/2/-1,beach_02/debug/desert_02/drought,3
1936,2638,6/5/255/255,249/6/0/0,beach_02/debug/?/?,249/6/-1/-1,beach_02/debug/drought/drought_cracks,2
1620,4737,6/81/30/88,95/72/50/38,beach_02/gen_steppe_lowlands_02/hills_01_rocks_medi/gen_desert_lowlands_02,63/0/33/24,beach_02/gen_desert_hills/hills_01_rocks_medi/gen_drylands_hills,2
2909,4009,6/12/5/80,228/21/5/1,beach_02/desert_02/debug/gen_steppe_lowlands,228/21/5/0,beach_02/desert_02/debug/gen_desert_lowlands_04,3
2599,3584,44/20/85/24,133/78/44/0,mountain_02_d_valleys/drylands_01_grassy/gen_steppe_mountain_transition/forest_jungle_01,0/60/0/12,plains_01_noisy/drylands_01_grassy/gen_drylands_lowlands/medi_dry_mud,1
4308,4250,6/5/255/255,249/6/0/0,beach_02/debug/?/?,249/6/-1/-1,beach_02/debug/drought/drought_cracks,2
2835,215,6/5/255/255,249/6/0/0,beach_02/debug/?/?,249/6/-1/-1,beach_02/debug/drought/drought_cracks,2
4256,7266,6/5/255/255,248/7/0/0,beach_02/debug/?/?,248/7/-1/-1,beach_02/debug/drought/drought_cracks,2
2666,4939,33/86/87/85,82/58/58/57,medi_dry_mud/gen_desert_base/gen_desert_lowlands/gen_steppe_mountain_transition,61/0/0/0,medi_dry_mud/gen_drylands_lowlands_03/gen_drylands_lowlands_02/gen_drylands_lowlands,1
1508,5149,86/87/64/85,112/90/53/0,gen_desert_base/gen_desert_lowlands/central_lowlands_03/gen_steppe_mountain_transition,2/0/0/0,gen_drylands_lowlands_02/gen_drylands_lowlands_03/gen_central_lowlands_02/gen_central_lowlands_03,0
1487,1168,45/29/64/62,135/102/18/0,mountain_02_desert_c/hills_01_rocks/central_lowlands_03/central_mountain,0/90/0/0,plains_01_rough/hills_01_rocks/gen_central_lowlands_02/gen_central_base,1
4556,5968,6/5/255/255,249/6/0/0,beach_02/debug/?/?,249/6/-1/-1,beach_02/debug/drought/drought_cracks,2
2700,5537,24/59/66/64,110/74/71/0,forest_jungle_01/steppe_rocks/gen_tropical_lowlands/central_lowlands_03,59/0/1/0,forest_jungle_01/gen_tropical_hills/gen_central_hills/gen_central_lowlands_03,1
864,4145,92/26/93/29,215/40/0/0,gen_desert_mountain/forest_pine_01/gen_desert_mountain_transition/hills_01_rocks,0/34/0/5,gen_northern_lowlands/forest_pine_01/gen_northern_lowlands_02/gen_northern_lowlands_03,1
3828,990,20/18/42/86,255/0/0/0,drylands_01_grassy/drylands_01/mountain_02_d/gen_desert_base,63/28/0/0,drylands_01_grassy/gen_tropical_lowlands_03/gen_drylands_lowlands_02/drylands_01,2
3793,6738,6/7/5/255,141/111/3/0,beach_02/beach_02_mediterranean/debug/?,141/111/3/-1,beach_02/beach_02_mediterranean/debug/drought,3
53,5470,96/94/92/93,151/54/34/16,gen_drylands_lowlands_02/gen_drylands_base/gen_desert_mountain/gen_desert_mountain_transition,0/0/0/0,gen_northern_mountain/gen_northern_lowlands_03/gen_northern_lowlands/gen_northern_lowlands_02,0
724,1725,26/92/94/91,184/41/17/13,forest_pine_01/gen_desert_mountain/gen_drylands_base/gen_desert_hills,168/0/0/0,forest_pine_01/gen_northern_lowlands/gen_northern_lowlands_03/gen_northern_base,1
3190,2378,16/80/76/79,152/55/48/0,desert_wavy_01/gen_steppe_lowlands/gen_central_hills/gen_steppe_base,137/0/0/0,desert_wavy_01/gen_desert_lowlands_04/gen_desert_base/gen_desert_lowlands_02,1
1866,8275,6/5/255/255,250/5/0/0,beach_02/debug/?/?,250/5/-1/-1,beach_02/debug/drought/drought_cracks,2
1571,2389,66/68/29/28,116/71/68/0,gen_tropical_lowlands/gen_tropical_lowlands_03/hills_01_rocks/hills_01,0/0/36/35,gen_central_hills/gen_central_mountain_transition/hills_01_rocks/hills_01,2
338,7739,41/94/65/6,225/18/12/0,mountain_02_c_snow/gen_drylands_base/gen_tropical_base/beach_02,0/0/0/1,plains_01/gen_northern_lowlands_03/gen_central_lowlands_03/gen_northern_lowlands_02,0
876,6921,70/69/63/85,121/56/50/28,gen_tropical_mountain/gen_tropical_hills/central_lowlands_02/gen_steppe_mountain_transition,0/0/0/2,gen_steppe_lowlands/gen_steppe_base/gen_central_lowlands/gen_drylands_lowlands,0
3953,8410,6/7/5/255,211/42/2/0,beach_02/beach_02_mediterranean/debug/?,211/42/2/-1,beach_02/beach_02_mediterranean/debug/drought,3
3834,8361,6/7/88/57,105/86/64/0,beach_02/beach_02_mediterranean/gen_desert_lowlands_02/steppe_bushes,99/82/0/0,beach_02/beach_02_mediterranean/gen_drylands_hills/gen_northern_lowlands,2
3819,8768,7/55/6/57,231/10/7/7,beach_02_mediterranean/plains_01_rough/beach_02/steppe_bushes,226/0/7/0,beach_02_mediterranean/gen_tropical_base/gen_tropical_lowlands_02/beach_02,2
2634,8412,6/5/255/255,248/7/0/0,beach_02/debug/?/?,248/7/-1/-1,beach_02/debug/drought/drought_cracks,2
644,7216,94/65/64/93,100/58/50/47,gen_drylands_base/gen_tropical_base/central_lowlands_03/gen_desert_mountain_transition,0/0/0/0,gen_northern_lowlands_03/gen_central_lowlands_03/gen_central_lowlands_02/gen_northern_lowlands_02,0
1485,31,6/5/255/255,249/6/0/0,beach_02/debug/?/?,249/6/-1/-1,beach_02/debug/drought/drought_cracks,2
2428,2676,104/101/100/99,88/74/57/36,gen_northern_lowlands_03/gen_northern_base/gen_drylands_mountain_transition/gen_drylands_mountain,0/0/0/0,gen_mediterranean_mountain_transition/gen_mediterranean_lowlands_03/gen_mediterranean_lowlands_02/gen_mediterranean_lowlands,0
4589,1184,6/5/255/255,249/6/0/0,beach_02/debug/?/?,249/6/-1/-1,beach_02/debug/drought/drought_cracks,2
1189,8428,66/63/65/68,141/114/0/0,gen_tropical_lowlands/central_lowlands_02/gen_tropical_base/gen_tropical_lowlands_03,0/0/0/0,gen_central_hills/gen_central_lowlands/gen_central_lowlands_03/gen_central_mountain_transition,0
2527,1685,6/12/5/255,216/34/5/0,beach_02/desert_02/debug/?,216/34/5/-1,beach_02/desert_02/debug/drought,3
2266,7474,6/5/255/255,250/5/0/0,beach_02/debug/?/?,250/5/-1/-1,beach_02/debug/drought/drought_cracks,2
2316,7972,6/5/255/255,249/6/0/0,beach_02/debug/?/?,249/6/-1/-1,beach_02/debug/drought/drought_cracks,2
2549,4353,20/33/44/85,137/53/37/28,drylands_01_grassy/medi_dry_mud/mountain_02_d_valleys/gen_steppe_mountain_transition,137/53/0/0,drylands_01_grassy/medi_dry_mud/plains_01_noisy/gen_drylands_lowlands,2
3246,4975,54/20/87/85,120/54/42/39,plains_01_noisy/drylands_01_grassy/gen_desert_lowlands/gen_steppe_mountain_transition,1/39/0/0,central_lowlands_03/drylands_01_grassy/gen_drylands_lowlands_03/gen_drylands_lowlands,1
489,904,6/5/255/255,249/6/0/0,beach_02/debug/?/?,249/6/-1/-1,beach_02/debug/drought/drought_cracks,2
4520,8941,6/5/255/255,249/6/0/0,beach_02/debug/?/?,249/6/-1/-1,beach_02/debug/drought/drought_cracks,2
3983,8981,6/7/5/255,143/108/4/0,beach_02/beach_02_mediterranean/debug/?,143/108/4/-1,beach_02/beach_02_mediterranean/debug/drought,3
3538,5156,59/61/56/58,109/74/44/28,steppe_rocks/wetlands_02_mud/snow/steppe_grass,0/0/0/0,gen_tropical_hills/gen_tropical_mountain_transition/gen_tropical_lowlands/gen_tropical_lowlands_03,0
1284,1968,65/64/43/41,79/72/64/40,gen_tropical_base/central_lowlands_03/mountain_02_d_snow/mountain_02_c_snow,0/0/0/0,gen_central_lowlands_03/gen_central_lowlands_02/plains_01_dry_mud/plains_01,0
2031,1829,6/5/255/255,249/6/0/0,beach_02/debug/?/?,249/6/-1/-1,beach_02/debug/drought/drought_cracks,2
2060,1594,101/102/98/100,104/87/45/19,gen_northern_base/gen_northern_lowlands/gen_drylands_hills/gen_drylands_mountain_transition,0/0/0/0,gen_mediterranean_lowlands_03/gen_mediterranean_hills/gen_mediterranean_base/gen_mediterranean_lowlands_02,0
1423,3665,47/16/76/20,155/54/46/0,mountain_03/desert_wavy_01/gen_central_hills/drylands_01_grassy,0/41/0/19,steppe_bushes/desert_wavy_01/gen_desert_base/drylands_01_grassy,2
263,5107,94/47/93/91,150/61/33/11,gen_drylands_base/mountain_03/gen_desert_mountain_transition/gen_desert_hills,0/0/0/0,gen_northern_lowlands_03/steppe_bushes/gen_northern_lowlands_02/gen_northern_base,0
3429,8860,6/5/255/255,249/6/0/0,beach_02/debug/?/?,249/6/-1/-1,beach_02/debug/drought/drought_cracks,2
12,7922,67/96/46/92,94/92/58/11,gen_tropical_lowlands_02/gen_drylands_lowlands_02/mountain_02_snow/gen_desert_mountain,0/0/0/0,gen_central_mountain/gen_northern_mountain/snow/gen_northern_lowlands,0
3511,6309,21/57/58/56,96/95/36/28,farm_paddy_01/steppe_bushes/steppe_grass/snow,91/0/0/0,farm_paddy_01/gen_tropical_lowlands_02/gen_tropical_lowlands_03/gen_tropical_lowlands,1
899,2488,94/65/68/255,122/67/66/0,gen_drylands_base/gen_tropical_base/gen_tropical_lowlands_03/?,0/0/0/-1,gen_northern_lowlands_03/gen_central_lowlands_03/gen_central_mountain_transition/gen_central_lowlands_02,0
2963,8595,6/5/255/255,248/7/0/0,beach_02/debug/?/?,248/7/-1/-1,beach_02/debug/drought/drought_cracks,2
1574,1924,68/65/64/67,155/61/39/0,gen_tropical_lowlands_03/gen_tropical_base/central_lowlands_03/gen_tropical_lowlands_02,0/0/0/0,gen_central_mountain_transition/gen_central_mountain/gen_central_lowlands_03/gen_central_lowlands_02,0
1088,2228,65/25/64/94,96/59/57/43,gen_tropical_base/forest_leaf_01/central_lowlands_03/gen_drylands_base,0/48/0/0,gen_central_lowlands_03/forest_leaf_01/gen_central_lowlands_02/gen_northern_lowlands_03,1
4276,7231,6/5/255/255,248/7/0/0,beach_02/debug/?/?,248/7/-1/-1,beach_02/debug/drought/drought_cracks,2
2186,6303,82/46/76/89,118/109/14/14,gen_steppe_lowlands_03/mountain_02_snow/gen_central_hills/gen_desert_lowlands_03,0/0/0/0,gen_desert_mountain/snow/gen_desert_base/gen_drylands_mountain,0
4099,5218,6/5/255/255,249/6/0/0,beach_02/debug/?/?,249/6/-1/-1,beach_02/debug/drought/drought_cracks,2
875,8438,6/5/255/255,250/5/0/0,beach_02/debug/?/?,250/5/-1/-1,beach_02/debug/drought/drought_cracks,2
2214,5232,16/20/76/15,101/81/73/0,desert_wavy_01/drylands_01_grassy/gen_central_hills/desert_rocky,87/69/0/0,desert_wavy_01/drylands_01_grassy/gen_desert_base/hills_01_rocks_medi,2
1599,623,6/5/255/255,251/4/0/0,beach_02/debug/?/?,251/4/-1/-1,beach_02/debug/drought/drought_cracks,2
2095,5485,13/76/78/28,96/82/66/11,desert_cracked/gen_central_hills/gen_central_mountain_transition/hills_01,95/0/0/11,desert_cracked/gen_desert_base/gen_desert_lowlands_02/hills_01,2
54,1013,6/5/255/255,249/6/0/0,beach_02/debug/?/?,249/6/-1/-1,beach_02/debug/drought/drought_cracks,2
3073,7454,6/7/5/255,141/112/2/0,beach_02/beach_02_mediterranean/debug/?,141/112/2/-1,beach_02/beach_02_mediterranean/debug/drought,3
1588,2808,71/72/69/47,144/75/27/9,gen_tropical_mountain_transition/gen_central_base/gen_tropical_hills/mountain_03,0/0/0/0,gen_steppe_lowlands_02/gen_steppe_lowlands_03/gen_steppe_base/steppe_bushes,0
3957,7191,6/7/5/255,141/112/2/0,beach_02/beach_02_mediterranean/debug/?,141/112/2/-1,beach_02/beach_02_mediterranean/debug/drought,3
981,8488,6/5/255/255,250/5/0/0,beach_02/debug/?/?,250/5/-1/-1,beach_02/debug/drought/drought_cracks,2
1554,2440,45/64/28/43,94/77/42/42,mountain_02_desert_c/central_lowlands_03/hills_01/mountain_02_d_snow,0/0/29/0,plains_01_rough/gen_central_lowlands_02/plains_01_dry_mud/hills_01,1
210,8328,6/5/255/255,251/4/0/0,beach_02/debug/?/?,251/4/-1/-1,beach_02/debug/drought/drought_cracks,2
3657,3343,18/76/13/15,117/63/39/36,drylands_01/gen_central_hills/desert_cracked/desert_rocky,90/0/30/28,drylands_01/gen_desert_base/desert_cracked/desert_rocky,3
2460,3420,44/20/86/85,130/78/27/20,mountain_02_d_valleys/drylands_01_grassy/gen_desert_base/gen_steppe_mountain_transition,0/67/0/0,plains_01_noisy/drylands_01_grassy/gen_drylands_lowlands_02/gen_drylands_lowlands,1
1838,9200,6/7/5/255,168/85/2/0,beach_02/beach_02_mediterranean/debug/?,168/85/2/-1,beach_02/beach_02_mediterranean/debug/drought,3
4225,8616,6/5/255/255,249/6/0/0,beach_02/debug/?/?,249/6/-1/-1,beach_02/debug/drought/drought_cracks,2
2737,7721,6/5/255/255,249/6/0/0,beach_02/debug/?/?,249/6/-1/-1,beach_02/debug/drought/drought_cracks,2
4441,370,6/5/255/255,249/6/0/0,beach_02/debug/?/?,249/6/-1/-1,beach_02/debug/drought/drought_cracks,2
3398,4981,24/58/57/55,167/61/15/12,forest_jungle_01/steppe_grass/steppe_bushes/plains_01_rough,166/0/0/0,forest_jungle_01/gen_tropical_lowlands_03/gen_tropical_lowlands_02/gen_tropical_base,1
2698,1737,6/12/5/80,176/75/3/1,beach_02/desert_02/debug/gen_steppe_lowlands,176/75/3/0,beach_02/desert_02/debug/gen_desert_lowlands_04,3
2310,2950,103/100/101/255,121/76/58/0,gen_northern_lowlands_02/gen_drylands_mountain_transition/gen_northern_base/?,0/0/0/-1,gen_mediterranean_mountain/gen_mediterranean_lowlands_02/gen_mediterranean_lowlands_03/gen_central_mountain,0
930,4024,44/26/92/29,255/0/0/0,mountain_02_d_valleys/forest_pine_01/gen_desert_mountain/hills_01_rocks,0/47/0/34,plains_01_noisy/gen_northern_lowlands/forest_pine_01/gen_northern_lowlands_02,1
3183,8295,6/5/255/255,249/6/0/0,beach_02/debug/?/?,249/6/-1/-1,beach_02/debug/drought/drought_cracks,2
3644,7363,6/7/5/255,141/112/2/0,beach_02/beach_02_mediterranean/debug/?,141/112/2/-1,beach_02/beach_02_mediterranean/debug/drought,3
3213,2606,16/76/78/80,167/45/36/7,desert_wavy_01/gen_central_hills/gen_central_mountain_transition/gen_steppe_lowlands,166/0/0/0,desert_wavy_01/gen_desert_base/gen_desert_lowlands_02/gen_desert_lowlands_04,1
1901,8793,6/5/255/255,249/6/0/0,beach_02/debug/?/?,249/6/-1/-1,beach_02/debug/drought/drought_cracks,2
26,4265,47/93/92/94,91/80/63/21,mountain_03/gen_desert_mountain_transition/gen_desert_mountain/gen_drylands_base,0/0/0/0,steppe_bushes/gen_northern_lowlands_02/gen_northern_lowlands/gen_northern_lowlands_03,0
3384,6450,6/7/5/12,141/111/2/1,beach_02/beach_02_mediterranean/debug/desert_02,141/111/2/1,beach_02/beach_02_mediterranean/debug/desert_02,4
180,5469,93/47/92/91,112/73/70/0,gen_desert_mountain_transition/mountain_03/gen_desert_mountain/gen_desert_hills,0/0/0/0,gen_northern_lowlands_02/steppe_bushes/gen_northern_lowlands/gen_northern_lowlands_03,0
3704,1457,20/85/87/86,133/78/44/0,drylands_01_grassy/gen_steppe_mountain_transition/gen_desert_lowlands/gen_desert_base,94/0/0/0,drylands_01_grassy/gen_drylands_lowlands/gen_drylands_lowlands_03/hills_01_rocks_medi,1
686,7071,63/92/64/93,79/64/61/51,central_lowlands_02/gen_desert_mountain/central_lowlands_03/gen_desert_mountain_transition,0/0/0/0,gen_central_lowlands/gen_northern_lowlands/gen_central_lowlands_02/gen_northern_lowlands_02,0
1412,5138,72/70/69/73,127/80/48/0,gen_central_base/gen_tropical_mountain/gen_tropical_hills/gen_central_lowlands,0/0/0/0,gen_steppe_lowlands_03/gen_steppe_lowlands/gen_steppe_base/drylands_01_grassy,0
984,6515,67/63/62/96,131/90/21/13,gen_tropical_lowlands_02/central_lowlands_02/central_mountain/gen_drylands_lowlands_02,0/0/0/0,gen_central_mountain/gen_central_lowlands/gen_central_base/gen_northern_mountain,0
2490,107,6/5/255/255,249/6/0/0,beach_02/debug/?/?,249/6/-1/-1,beach_02/debug/drought/drought_cracks,2
936,6329,96/73/74/255,117/69/69/0,gen_drylands_lowlands_02/gen_central_lowlands/gen_central_lowlands_02/?,0/0/0/-1,gen_northern_mountain/gen_steppe_mountain/gen_steppe_hills/gen_northern_hills,0
1191,1580,25/64/65/63,108/94/53/0,forest_leaf_01/central_lowlands_03/gen_tropical_base/central_lowlands_02,96/0/0/0,forest_leaf_01/gen_central_lowlands_02/gen_central_lowlands_03/gen_central_lowlands,1
225,1910,96/46/94/92,126/83/27/19,gen_drylands_lowlands_02/mountain_02_snow/gen_drylands_base/gen_desert_mountain,0/0/0/0,gen_northern_mountain/snow/gen_northern_lowlands_03/gen_northern_lowlands,0
4520,8154,6/5/255/255,249/6/0/0,beach_02/debug/?/?,249/6/-1/-1,beach_02/debug/drought/drought_cracks,2
1000,3119,10/6/66/255,130/94/31/0,coastline_cliff_grey/beach_02/gen_tropical_lowlands/?,124/89/0/-1,coastline_cliff_grey/beach_02/gen_central_hills/debug,2
882,9056,6/5/255/255,249/6/0/0,beach_02/debug/?/?,249/6/-1/-1,beach_02/debug/drought/drought_cracks,2
2769,6911,6/7/5/255,166/87/2/0,beach_02/beach_02_mediterranean/debug/?,166/87/2/-1,beach_02/beach_02_mediterranean/debug/drought,3
651,6988,41/64/65/63,149/106/0/0,mountain_02_c_snow/central_lowlands_03/gen_tropical_base/central_lowlands_02,0/0/0/0,plains_01/gen_central_lowlands_02/gen_central_lowlands/gen_northern_lowlands_02,0
4083,5322,6/5/255/255,249/6/0/0,beach_02/debug/?/?,249/6/-1/-1,beach_02/debug/drought/drought_cracks,2
3604,6896,6/7/5/255,141/113/1/0,beach_02/beach_02_mediterranean/debug/?,141/113/1/-1,beach_02/beach_02_mediterranean/debug/drought,3
1610,8409,66/68/63/88,166/50/39/0,gen_tropical_lowlands/gen_tropical_lowlands_03/central_lowlands_02/gen_desert_lowlands_02,0/0/0/0,gen_central_hills/gen_central_mountain_transition/gen_central_lowlands/gen_drylands_hills,0
1844,1907,41/45/65/63,116/107/17/15,mountain_02_c_snow/mountain_02_desert_c/gen_tropical_base/central_lowlands_02,0/0/0/0,plains_01/plains_01_rough/gen_central_lowlands_03/gen_central_lowlands,0
1688,649,6/5/255/255,249/6/0/0,beach_02/debug/?/?,249/6/-1/-1,beach_02/debug/drought/drought_cracks,2
3387,4980,24/58/57/55,166/56/21/12,forest_jungle_01/steppe_grass/steppe_bushes/plains_01_rough,161/0/0/0,forest_jungle_01/gen_tropical_lowlands_03/gen_tropical_lowlands_02/gen_tropical_base,1
1920,9068,6/5/255/255,249/6/0/0,beach_02/debug/?/?,249/6/-1/-1,beach_02/debug/drought/drought_cracks,2
1315,6598,70/69/71/72,127/78/26/24,gen_tropical_mountain/gen_tropical_hills/gen_tropical_mountain_transition/gen_central_base,0/0/0/0,gen_steppe_lowlands/gen_steppe_base/gen_steppe_lowlands_02/gen_steppe_lowlands_03,0
3135,4548,6/5/255/255,247/8/0/0,beach_02/debug/?/?,247/8/-1/-1,beach_02/debug/drought/drought_cracks,2
633,4720,26/94/93/92,175/59/12/9,forest_pine_01/gen_drylands_base/gen_desert_mountain_transition/gen_desert_mountain,172/0/0/0,forest_pine_01/gen_northern_lowlands_03/gen_northern_lowlands_02/gen_northern_lowlands,1
3618,2726,20/25/80/18,168/58/29/0,drylands_01_grassy/forest_leaf_01/gen_steppe_lowlands/drylands_01,154/53/0/5,drylands_01_grassy/forest_leaf_01/gen_desert_lowlands_04/gen_drylands_lowlands,2
1965,4638,45/63/72/69,98/71/70/16,mountain_02_desert_c/central_lowlands_02/gen_central_base/gen_tropical_hills,0/0/11/0,plains_01_rough/gen_central_lowlands/gen_steppe_lowlands_03/gen_steppe_base,0
4335,923,6/5/255/255,249/6/0/0,beach_02/debug/?/?,249/6/-1/-1,beach_02/debug/drought/drought_cracks,2
1203,317,6/5/255/255,249/6/0/0,beach_02/debug/?/?,249/6/-1/-1,beach_02/debug/drought/drought_cracks,2
1731,631,6/5/255/255,249/6/0/0,beach_02/debug/?/?,249/6/-1/-1,beach_02/debug/drought/drought_cracks,2
4017,7895,7/6/24/5,197/29/29/0,beach_02_mediterranean/beach_02/forest_jungle_01/debug,197/29/29/0,beach_02_mediterranean/beach_02/forest_jungle_01/drought,3
3256,9137,6/5/255/255,249/6/0/0,beach_02/debug/?/?,249/6/-1/-1,beach_02/debug/drought/drought_cracks,2
186,7235,41/92/47/63,182/40/33/0,mountain_02_c_snow/gen_desert_mountain/mountain_03/central_lowlands_02,0/0/0/0,plains_01/gen_northern_lowlands/steppe_bushes/gen_northern_lowlands_02,0
1574,7250,64/63/41/62,123/47/44/41,central_lowlands_03/central_lowlands_02/mountain_02_c_snow/central_mountain,0/0/0/0,gen_central_lowlands_02/gen_central_lowlands/plains_01/gen_central_base,0
74,4077,94/47/92/91,107/101/47/0,gen_drylands_base/mountain_03/gen_desert_mountain/gen_desert_hills,0/0/0/0,gen_northern_lowlands_03/steppe_bushes/gen_northern_lowlands/gen_northern_base,0
3797,9020,6/5/255/255,248/7/0/0,beach_02/debug/?/?,248/7/-1/-1,beach_02/debug/drought/drought_cracks,2
1919,5605,82/78/76/80,172/45/38/0,gen_steppe_lowlands_03/gen_central_mountain_transition/gen_central_hills/gen_steppe_lowlands,0/0/0/0,gen_desert_mountain/gen_desert_lowlands_02/gen_desert_base/gen_desert_lowlands_04,0
1062,7808,25/64/65/87,240/15/0/0,forest_leaf_01/central_lowlands_03/gen_tropical_base/gen_desert_lowlands,189/0/0/0,forest_leaf_01/gen_steppe_lowlands_02/gen_central_lowlands_02/gen_central_base,1
3343,7189,6/7/5/255,141/112/2/0,beach_02/beach_02_mediterranean/debug/?,141/112/2/-1,beach_02/beach_02_mediterranean/debug/drought,3
4013,3969,6/5/255/255,249/6/0/0,beach_02/debug/?/?,249/6/-1/-1,beach_02/debug/drought/drought_cracks,2
478,4551,26/93/92/91,199/23/22/11,forest_pine_01/gen_desert_mountain_transition/gen_desert_mountain/gen_desert_hills,195/0/0/0,forest_pine_01/gen_northern_lowlands_02/gen_northern_lowlands/gen_northern_base,1
2327,1773,6/5/255/255,249/6/0/0,beach_02/debug/?/?,249/6/-1/-1,beach_02/debug/drought/drought_cracks,2
1687,6664,72/85/70/86,112/76/67/0,gen_central_base/gen_steppe_mountain_transition/gen_tropical_mountain/gen_desert_base,8/0/0/0,gen_steppe_lowlands_03/gen_drylands_lowlands/gen_steppe_lowlands/gen_drylands_base,0
3342,4948,24/58/59/61,189/66/0/0,forest_jungle_01/steppe_grass/steppe_rocks/wetlands_02_mud,143/0/0/0,forest_jungle_01/gen_tropical_lowlands_03/gen_tropical_mountain_transition/gen_tropical_base,1
4284,6174,6/5/255/255,249/6/0/0,beach_02/debug/?/?,249/6/-1/-1,beach_02/debug/drought/drought_cracks,2
2465,2206,6/5/255/255,249/6/0/0,beach_02/debug/?/?,249/6/-1/-1,beach_02/debug/drought/drought_cracks,2
3451,382,15/76/86/79,202/34/19/0,desert_rocky/gen_central_hills/gen_desert_base/gen_steppe_base,146/0/25/0,desert_rocky/gen_desert_base/gen_drylands_lowlands_02/drylands_01_grassy,2
1456,1469,65/41/43/64,100/83/72/0,gen_tropical_base/mountain_02_c_snow/mountain_02_d_snow/central_lowlands_03,0/0/0/0,gen_central_lowlands_03/plains_01/plains_01_dry_mud/gen_central_lowlands_02,0
2671,4462,89/82/85/87,126/87/24/18,gen_desert_lowlands_03/gen_steppe_lowlands_03/gen_steppe_mountain_transition/gen_desert_lowlands,0/0/0/0,gen_drylands_mountain/gen_desert_mountain/gen_drylands_lowlands/gen_drylands_lowlands_03,0
2277,5118,82/81/76/78,155/64/20/16,gen_steppe_lowlands_03/gen_steppe_lowlands_02/gen_central_hills/gen_central_mountain_transition,0/0/0/0,gen_desert_mountain/gen_desert_hills/mountain_02_b/gen_desert_base,0
3367,1463,76/78/13/16,77/68/64/46,gen_central_hills/gen_central_mountain_transition/desert_cracked/desert_wavy_01,0/0/53/38,gen_desert_base/gen_desert_lowlands_02/desert_cracked/desert_wavy_01,2
232,5257,92/96/93/47,90/67/51/47,gen_desert_mountain/gen_drylands_lowlands_02/gen_desert_mountain_transition/mountain_03,0/0/0/0,gen_northern_lowlands/gen_northern_mountain/gen_northern_lowlands_02/steppe_bushes,0
1089,8614,6/5/255/255,251/4/0/0,beach_02/debug/?/?,251/4/-1/-1,beach_02/debug/drought/drought_cracks,2
198,9071,6/5/255/255,250/5/0/0,beach_02/debug/?/?,250/5/-1/-1,beach_02/debug/drought/drought_cracks,2
4511,8736,6/5/255/255,249/6/0/0,beach_02/debug/?/?,249/6/-1/-1,beach_02/debug/drought/drought_cracks,2
2442,7409,25/6/7/57,132/111/12/0,forest_leaf_01/beach_02/beach_02_mediterranean/steppe_bushes,118/100/11/0,forest_leaf_01/beach_02/beach_02_mediterranean/gen_tropical_lowlands_02,3
2251,1473,104/102/101/99,186/69/0/0,gen_northern_lowlands_03/gen_northern_lowlands/gen_northern_base/gen_drylands_mountain,0/0/0/0,gen_mediterranean_mountain_transition/gen_mediterranean_hills/gen_mediterranean_lowlands_03/gen_mediterranean_lowlands,0
2198,169,6/5/255/255,249/6/0/0,beach_02/debug/?/?,249/6/-1/-1,beach_02/debug/drought/drought_cracks,2
153,769,6/5/255/255,249/6/0/0,beach_02/debug/?/?,249/6/-1/-1,beach_02/debug/drought/drought_cracks,2
3839,1581,20/18/86/85,116/52/50/37,drylands_01_grassy/drylands_01/gen_desert_base/gen_steppe_mountain_transition,89/40/0/0,drylands_01_grassy/drylands_01/gen_drylands_lowlands_02/gen_drylands_lowlands,2
3890,8754,56/57/55/255,173/57/25/0,snow/steppe_bushes/plains_01_rough/?,0/0/0/-1,gen_tropical_lowlands/gen_tropical_lowlands_02/gen_tropical_base/drought,0
92,5148,96/93/92/94,130/45/40/40,gen_drylands_lowlands_02/gen_desert_mountain_transition/gen_desert_mountain/gen_drylands_base,0/0/0/0,gen_northern_mountain/gen_northern_lowlands_02/gen_northern_lowlands_03/gen_northern_lowlands,0
2862,888,16/76/80/78,132/63/34/26,desert_wavy_01/gen_central_hills/gen_steppe_lowlands/gen_central_mountain_transition,122/0/0/0,desert_wavy_01/gen_desert_base/gen_desert_lowlands_04/gen_desert_lowlands_02,1
2566,6519,67/68/66/24,167/47/41/0,gen_tropical_lowlands_02/gen_tropical_lowlands_03/gen_tropical_lowlands/forest_jungle_01,0/0/0/6,gen_central_mountain/gen_central_mountain_transition/gen_central_hills/gen_central_lowlands,0
1755,5308,82/89/90/83,132/79/23/21,gen_steppe_lowlands_03/gen_desert_lowlands_03/gen_desert_lowlands_04/gen_steppe_hills,0/2/2/0,gen_desert_mountain/gen_drylands_mountain/gen_drylands_mountain_transition/gen_desert_mountain_transition,0
2260,9114,6/5/255/255,248/7/0/0,beach_02/debug/?/?,248/7/-1/-1,beach_02/debug/drought/drought_cracks,2
4062,1032,6/5/255/255,249/6/0/0,beach_02/debug/?/?,249/6/-1/-1,beach_02/debug/drought/drought_cracks,2
2755,5066,63/64/45/65,86/82/56/31,central_lowlands_02/central_lowlands_03/mountain_02_desert_c/gen_tropical_base,0/0/0/7,gen_central_lowlands/gen_central_lowlands_02/plains_01_rough/gen_central_lowlands_03,0
2254,1757,6/5/255/255,249/6/0/0,beach_02/debug/?/?,249/6/-1/-1,beach_02/debug/drought/drought_cracks,2
3361,4323,6/5/255/255,249/6/0/0,beach_02/debug/?/?,249/6/-1/-1,beach_02/debug/drought/drought_cracks,2
3194,5957,6/7/5/255,168/85/2/0,beach_02/beach_02_mediterranean/debug/?,168/85/2/-1,beach_02/beach_02_mediterranean/debug/drought,3
2418,97,6/5/255/255,249/6/0/0,beach_02/debug/?/?,249/6/-1/-1,beach_02/debug/drought/drought_cracks,2
3818,3185,20/18/86/88,143/61/51/0,drylands_01_grassy/drylands_01/gen_desert_base/gen_desert_lowlands_02,109/47/0/0,drylands_01_grassy/drylands_01/gen_drylands_lowlands_02/hills_01_rocks_medi,2
2594,4010,16/76/78/5,108/95/34/18,desert_wavy_01/gen_central_hills/gen_central_mountain_transition/debug,94/0/0/16,desert_wavy_01/gen_desert_base/gen_desert_lowlands_02/debug,2
2849,837,17/78/76/80,77/63/60/55,desert_wavy_01_larger/gen_central_mountain_transition/gen_central_hills/gen_steppe_lowlands,73/0/0/0,desert_wavy_01_larger/gen_desert_lowlands_02/gen_desert_base/gen_desert_lowlands_04,1
2266,7950,6/5/255/255,249/6/0/0,beach_02/debug/?/?,249/6/-1/-1,beach_02/debug/drought/drought_cracks,2
2723,2379,6/12/5/80,185/66/3/1,beach_02/desert_02/debug/gen_steppe_lowlands,185/66/3/0,beach_02/desert_02/debug/gen_desert_lowlands_04,3
2834,539,90/83/86/30,82/63/63/47,gen_desert_lowlands_04/gen_steppe_hills/gen_desert_base/hills_01_rocks_medi,3/0/7/34,gen_drylands_mountain_transition/gen_desert_mountain_transition/gen_drylands_lowlands_02/hills_01_rocks_medi,1
4145,8345,6/5/255/255,250/5/0/0,beach_02/debug/?/?,250/5/-1/-1,beach_02/debug/drought/drought_cracks,2
1143,4839,27/45/47/69,114/92/49/0,forestfloor/mountain_02_desert_c/mountain_03/gen_tropical_hills,75/0/0/0,forestfloor/plains_01_rough/steppe_bushes/gen_steppe_base,1
1679,5744,79/9/76/83,124/57/38/36,gen_steppe_base/coastline_cliff_desert/gen_central_hills/gen_steppe_hills,0/41/0/0,gen_desert_lowlands_03/coastline_cliff_desert/gen_desert_base/gen_desert_mountain_transition,1
2546,8761,6/5/255/255,248/7/0/0,beach_02/debug/?/?,248/7/-1/-1,beach_02/debug/drought/drought_cracks,2
1557,2749,47/71/72/86,108/85/41/21,mountain_03/gen_tropical_mountain_transition/gen_central_base/gen_desert_base,0/0/0/0,steppe_bushes/gen_steppe_lowlands_02/gen_steppe_lowlands_03/gen_drylands_lowlands_02,0
3098,8872,6/5/255/255,248/7/0/0,beach_02/debug/?/?,248/7/-1/-1,beach_02/debug/drought/drought_cracks,2
3801,7309,6/7/5/255,141/112/2/0,beach_02/beach_02_mediterranean/debug/?,141/112/2/-1,beach_02/beach_02_mediterranean/debug/drought,3
880,152,6/5/255/255,249/6/0/0,beach_02/debug/?/?,249/6/-1/-1,beach_02/debug/drought/drought_cracks,2
263,725,6/5/255/255,249/6/0/0,beach_02/debug/?/?,249/6/-1/-1,beach_02/debug/drought/drought_cracks,2
4563,2828,24/55/42/57,242/7/4/2,forest_jungle_01/plains_01_rough/mountain_02_d/steppe_bushes,239/1/0/0,forest_jungle_01/gen_tropical_base/plains_01_dry/gen_tropical_lowlands_02,1
2348,7862,6/5/255/255,250/5/0/0,beach_02/debug/?/?,250/5/-1/-1,beach_02/debug/drought/drought_cracks,2
3439,1794,78/76/16/80,150/67/38/0,gen_central_mountain_transition/gen_central_hills/desert_wavy_01/gen_steppe_lowlands,0/0/27/0,gen_desert_lowlands_02/gen_desert_base/desert_wavy_01/gen_desert_lowlands_04,1
3503,6200,6/7/5/255,168/85/2/0,beach_02/beach_02_mediterranean/debug/?,168/85/2/-1,beach_02/beach_02_mediterranean/debug/drought,3
4402,9047,6/5/255/255,249/6/0/0,beach_02/debug/?/?,249/6/-1/-1,beach_02/debug/drought/drought_cracks,2
144,3047,94/93/47/91,88/80/75/12,gen_drylands_base/gen_desert_mountain_transition/mountain_03/gen_desert_hills,0/0/0/0,gen_northern_lowlands_03/gen_northern_lowlands_02/steppe_bushes/gen_northern_base,0
1354,7358,64/63/65/25,77/67/57/54,central_lowlands_03/central_lowlands_02/gen_tropical_base/forest_leaf_01,0/0/0/51,gen_central_lowlands_02/gen_central_lowlands/gen_central_lowlands_03/forest_leaf_01,1
4533,1119,6/5/255/255,249/6/0/0,beach_02/debug/?/?,249/6/-1/-1,beach_02/debug/drought/drought_cracks,2
2043,2473,29/41/100/64,96/60/56/43,hills_01_rocks/mountain_02_c_snow/gen_drylands_mountain_transition/central_lowlands_03,78/0/0/0,hills_01_rocks/plains_01/gen_mediterranean_lowlands_02/gen_central_lowlands_02,1
1827,4444,81/78/86/88,100/94/61/0,gen_steppe_lowlands_02/gen_central_mountain_transition/gen_desert_base/gen_desert_lowlands_02,0/0/11/40,gen_desert_hills/gen_desert_lowlands_02/gen_drylands_hills/gen_drylands_lowlands_02,1
1204,3560,25/65/71/64,207/48/0/0,forest_leaf_01/gen_tropical_base/gen_tropical_mountain_transition/central_lowlands_03,186/0/0/0,forest_leaf_01/gen_central_lowlands_03/gen_steppe_lowlands_02/gen_central_base,1
91,332,6/5/255/255,250/5/0/0,beach_02/debug/?/?,250/5/-1/-1,beach_02/debug/drought/drought_cracks,2
215,6221,47/93/92/64,121/60/42/32,mountain_03/gen_desert_mountain_transition/gen_desert_mountain/central_lowlands_03,0/0/0/0,steppe_bushes/gen_northern_lowlands_02/gen_northern_lowlands/gen_central_lowlands_02,0
4482,8917,6/5/255/255,249/6/0/0,beach_02/debug/?/?,249/6/-1/-1,beach_02/debug/drought/drought_cracks,2
76,230,6/5/255/255,249/6/0/0,beach_02/debug/?/?,249/6/-1/-1,beach_02/debug/drought/drought_cracks,2
643,2196,95/6/10/255,129/90/36/0,gen_drylands_lowlands/beach_02/coastline_cliff_grey/?,0/80/32/-1,gen_northern_hills/beach_02/coastline_cliff_grey/gen_northern_lowlands,2
1137,1537,64/41/65/63,152/39/38/26,central_lowlands_03/mountain_02_c_snow/gen_tropical_base/central_lowlands_02,0/0/0/0,gen_central_lowlands_02/plains_01/gen_central_lowlands_03/gen_central_lowlands,0
1313,1498,43/45/41/63,106/97/52/0,mountain_02_d_snow/mountain_02_desert_c/mountain_02_c_snow/central_lowlands_02,0/0/0/0,plains_01_dry_mud/plains_01_rough/plains_01/gen_central_lowlands,0
3968,7272,6/7/5/255,141/112/2/0,beach_02/beach_02_mediterranean/debug/?,141/112/2/-1,beach_02/beach_02_mediterranean/debug/drought,3
1494,1154,64/29/45/65,141/49/33/32,central_lowlands_03/hills_01_rocks/mountain_02_desert_c/gen_tropical_base,0/44/0/0,gen_central_lowlands_02/hills_01_rocks/plains_01_rough/gen_central_lowlands_03,1
754,2816,92/42/93/43,93/72/53/37,gen_desert_mountain/mountain_02_d/gen_desert_mountain_transition/mountain_02_d_snow,0/0/0/0,gen_northern_lowlands/plains_01_dry/gen_northern_lowlands_02/plains_01_dry_mud,0
1817,8929,6/5/255/255,249/6/0/0,beach_02/debug/?/?,249/6/-1/-1,beach_02/debug/drought/drought_cracks,2
3177,2184,16/76/78/80,158/59/21/17,desert_wavy_01/gen_central_hills/gen_central_mountain_transition/gen_steppe_lowlands,152/0/0/0,desert_wavy_01/gen_desert_base/gen_desert_lowlands_02/gen_desert_lowlands_04,1
2061,7141,53/25/54/65,130/86/39/0,plains_01_dry_mud/forest_leaf_01/plains_01_noisy/gen_tropical_base,0/67/0/0,central_lowlands_02/forest_leaf_01/central_lowlands_03/gen_central_lowlands_03,1
1149,8390,25/63/65/66,196/24/19/16,forest_leaf_01/central_lowlands_02/gen_tropical_base/gen_tropical_lowlands,174/0/0/0,forest_leaf_01/gen_central_lowlands/gen_central_lowlands_03/gen_central_hills,1
547,3936,26/92/94/93,154/46/46/9,forest_pine_01/gen_desert_mountain/gen_drylands_base/gen_desert_mountain_transition,151/0/0/0,forest_pine_01/gen_northern_lowlands_03/gen_northern_lowlands/gen_northern_lowlands_02,1
302,6640,94/41/92/47,98/70/57/30,gen_drylands_base/mountain_02_c_snow/gen_desert_mountain/mountain_03,0/0/0/0,gen_northern_lowlands_03/plains_01/gen_northern_lowlands/steppe_bushes,0
2261,4544,82/76/81/78,87/84/46/38,gen_steppe_lowlands_03/gen_central_hills/gen_steppe_lowlands_02/gen_central_mountain_transition,0/0/0/0,gen_desert_mountain/gen_desert_base/gen_desert_hills/gen_desert_lowlands_02,0
886,7903,92/26/93/65,105/89/51/10,gen_desert_mountain/forest_pine_01/gen_desert_mountain_transition/gen_tropical_base,0/87/0/0,gen_northern_lowlands/forest_pine_01/gen_northern_lowlands_02/gen_central_lowlands_03,1
2693,5577,65/64/63/39,167/52/36/0,gen_tropical_base/central_lowlands_03/central_lowlands_02/mountain_02_b,2/0/0/0,gen_central_lowlands_03/gen_central_lowlands_02/gen_central_lowlands/northern_plains_01,0
3123,7214,6/5/255/255,248/7/0/0,beach_02/debug/?/?,248/7/-1/-1,beach_02/debug/drought/drought_cracks,2
1754,251,6/5/255/255,249/6/0/0,beach_02/debug/?/?,249/6/-1/-1,beach_02/debug/drought/drought_cracks,2
2311,4732,90/75/68/83,91/84/80/0,gen_desert_lowlands_04/gen_central_lowlands_03/gen_tropical_lowlands_03/gen_steppe_hills,0/4/0/0,gen_drylands_mountain_transition/gen_steppe_mountain_transition/gen_central_mountain_transition/gen_steppe_lowlands,0
269,7519,41/92/93/91,228/27/0/0,mountain_02_c_snow/gen_desert_mountain/gen_desert_mountain_transition/gen_desert_hills,0/0/0/0,plains_01/gen_northern_lowlands/gen_northern_base/gen_central_lowlands,0
2529,1703,6/12/5/255,227/23/5/0,beach_02/desert_02/debug/?,227/23/5/-1,beach_02/desert_02/debug/drought,3
828,4107,26/93/27/94,168/47/23/17,forest_pine_01/gen_desert_mountain_transition/forestfloor/gen_drylands_base,159/0/22/0,forest_pine_01/gen_northern_lowlands_02/forestfloor/gen_northern_lowlands_03,2
2088,6406,63/49/76/85,140/66/49/0,central_lowlands_02/northern_plains_01/gen_central_hills/gen_steppe_mountain_transition,0/0/0/0,gen_central_lowlands/steppe_rocks/gen_desert_base/gen_drylands_lowlands,0
504,4912,26/94/93/91,207/25/16/7,forest_pine_01/gen_drylands_base/gen_desert_mountain_transition/gen_desert_hills,198/0/0/0,forest_pine_01/gen_northern_lowlands_03/gen_northern_lowlands_02/gen_northern_base,1
1264,5049,73/65/75/68,96/94/65/0,gen_central_lowlands/gen_tropical_base/gen_central_lowlands_03/gen_tropical_lowlands_03,15/0/54/0,gen_steppe_hills/gen_central_lowlands_03/gen_central_mountain_transition/gen_steppe_mountain_transition,1
1921,152,6/5/255/255,249/6/0/0,beach_02/debug/?/?,249/6/-1/-1,beach_02/debug/drought/drought_cracks,2
2250,6722,66/41/45/63,98/92/35/30,gen_tropical_lowlands/mountain_02_c_snow/mountain_02_desert_c/central_lowlands_02,0/0/0/0,gen_central_hills/plains_01/plains_01_rough/gen_central_lowlands,0
130,6959,96/67/95/66,144/74/23/14,gen_drylands_lowlands_02/gen_tropical_lowlands_02/gen_drylands_lowlands/gen_tropical_lowlands,0/0/0/0,gen_northern_mountain/gen_central_mountain/gen_northern_hills/gen_central_hills,0
4250,6217,6/5/255/255,248/7/0/0,beach_02/debug/?/?,248/7/-1/-1,beach_02/debug/drought/drought_cracks,2
1934,1066,25/68/66/67,99/82/42/32,forest_leaf_01/gen_tropical_lowlands_03/gen_tropical_lowlands/gen_tropical_lowlands_02,72/0/0/0,forest_leaf_01/gen_central_mountain_transition/gen_central_hills/gen_central_mountain,1
928,7275,25/63/41/66,79/63/59/54,forest_leaf_01/central_lowlands_02/mountain_02_c_snow/gen_tropical_lowlands,69/0/0/0,forest_leaf_01/gen_central_lowlands/plains_01/gen_central_hills,1
911,4149,92/93/64/35,168/63/24/0,gen_desert_mountain/gen_desert_mountain_transition/central_lowlands_03/medi_grass_01,0/0/0/12,gen_northern_lowlands/gen_northern_lowlands_02/gen_central_lowlands_02/gen_northern_lowlands_03,0
3376,510,5/76/84/40,92/92/71/0,debug/gen_central_hills/gen_steppe_mountain/mountain_02_c,45/0/0/0,gen_drylands_lowlands/debug/gen_desert_base/gen_drylands_base,1
2016,4469,45/20/63/85,96/79/40/40,mountain_02_desert_c/drylands_01_grassy/central_lowlands_02/gen_steppe_mountain_transition,0/63/0/0,plains_01_rough/drylands_01_grassy/gen_drylands_lowlands/gen_central_lowlands,1
1157,1518,45/64/63/43,165/90/0/0,mountain_02_desert_c/central_lowlands_03/central_lowlands_02/mountain_02_d_snow,0/0/0/0,plains_01_rough/plains_01/gen_central_lowlands_02/gen_central_lowlands,0
2078,722,99/98/45/104,97/60/51/47,gen_drylands_mountain/gen_drylands_hills/mountain_02_desert_c/gen_northern_lowlands_03,0/0/0/0,gen_mediterranean_lowlands/gen_mediterranean_base/plains_01_rough/gen_mediterranean_mountain_transition,0
891,8136,63/95/62/64,156/78/21/0,central_lowlands_02/gen_drylands_lowlands/central_mountain/central_lowlands_03,0/1/0/0,gen_central_lowlands/gen_northern_hills/gen_central_base/gen_central_lowlands_02,0
744,2138,93/35/92/27,136/77/42/0,gen_desert_mountain_transition/medi_grass_01/gen_desert_mountain/forestfloor,0/44/0/22,gen_northern_lowlands_02/medi_grass_01/gen_northern_lowlands/forestfloor,2
1492,6314,12/18/9/69,87/68/53/47,desert_02/drylands_01/coastline_cliff_desert/gen_tropical_hills,56/44/34/0,desert_02/drylands_01/coastline_cliff_desert/gen_steppe_base,3
